[2026-03-19 08:20:07] Found 195 total PDFs
[2026-03-19 08:20:07] TEXT: _OceanofPDF.com_Learn_Penetration_Testing_with_Python_3x_-_Yehia_Elghaly.pdf
[2026-03-19 08:21:12] TEXT: _OceanofPDF.com_Treading_on_Python_Series__Illustrated_Gui_-_Matt_Harrison.pdf
[2026-03-19 08:21:18] TEXT: _OceanofPDF.com_Python_3_and_Feature_Engineering_-_Oswald_Campesato.pdf
[2026-03-19 08:21:21] SUMMARY: _OceanofPDF.com_Learn_Penetration_Testing_with_Python_3x_-_Yehia_Elghaly.pdf
[2026-03-19 08:23:44] SUMMARY: _OceanofPDF.com_Treading_on_Python_Series__Illustrated_Gui_-_Matt_Harrison.pdf
[2026-03-19 08:25:17] === PROGRESS: 3/195 text, 2/195 summarized, 0 errors ===
[2026-03-19 08:32:34] Found 195 total PDFs
[2026-03-19 08:32:34] TEXT: _OceanofPDF.com_Python_-_Andy_Vickler.pdf
[2026-03-19 08:32:37] TEXT: _OceanofPDF.com_Python_3_Image_Processing_-_Ashwin_Pajankar.pdf
[2026-03-19 08:32:42] TEXT: _OceanofPDF.com_Network_Automation_using_Python_3_-_Jithin_Alex.pdf
[2026-03-19 08:32:43] SUMMARY: _OceanofPDF.com_How_to_Code_in_Python_3_-_Lisa_Tagliaferri.pdf
[2026-03-19 08:34:06] SUMMARY: _OceanofPDF.com_Python_3_and_Feature_Engineering_-_Oswald_Campesato.pdf
[2026-03-19 08:35:29] === PROGRESS: 6/195 text, 4/195 summarized, 0 errors ===
[2026-03-19 08:42:56] Found 195 total PDFs
[2026-03-19 08:42:56] TEXT: _OceanofPDF.com_Python_GUI_Programming_with_PyQt_-_Nathan_Metzler.pdf
[2026-03-19 08:42:58] TEXT: _OceanofPDF.com_The_Coders_Apprentice_-_Pieter_Spronck.pdf
[2026-03-19 08:43:05] TEXT: _OceanofPDF.com_Quick_Python_3_1_-_Matuszek_David.pdf
[2026-03-19 08:43:06] SUMMARY: _OceanofPDF.com_Python_-_Andy_Vickler.pdf
[2026-03-19 08:44:21] SUMMARY: _OceanofPDF.com_Python_3_Image_Processing_-_Ashwin_Pajankar.pdf
[2026-03-19 08:45:40] === PROGRESS: 9/195 text, 6/195 summarized, 0 errors ===
[2026-03-19 08:57:37] Found 195 total PDFs
[2026-03-19 08:57:37] TEXT: _OceanofPDF.com_Hands-On_Machine_Learning_with_Scikit-Learn_Keras_and_Tensorflow_-_Aurelien_Geron.pdf
[2026-03-19 08:57:55] TEXT: _OceanofPDF.com_Python_3_Web_Development_Beginners_Guide_-_Michel_Anders.pdf
[2026-03-19 08:58:02] TEXT: _OceanofPDF.com_Python_3_Object-Oriented_Programming_-_Dusty_Phillips.pdf
[2026-03-19 08:58:29] SUMMARY: _OceanofPDF.com_Network_Automation_using_Python_3_-_Jithin_Alex.pdf
[2026-03-19 09:12:33] Found 195 total PDFs
[2026-03-19 09:12:33] TEXT: _OceanofPDF.com_Python_3_Programming_and_GUIs_-_Andrew_Pratt.pdf
[2026-03-19 09:12:39] TEXT: _OceanofPDF.com_Python__3_books_in_1__Beginners_guide_Da_-_William_Dimick.pdf
[2026-03-19 09:12:42] TEXT: _OceanofPDF.com_Practical_Python_Programming_for_IoT_-_Gary_Smart.pdf
[2026-03-19 09:12:49] SUMMARY: _OceanofPDF.com_Network_Automation_using_Python_3_-_Jithin_Alex.pdf
[2026-03-19 09:14:04] SUMMARY: _OceanofPDF.com_Python_GUI_Programming_with_PyQt_-_Nathan_Metzler.pdf
[2026-03-19 09:15:18] === PROGRESS: 15/195 text, 8/195 summarized, 0 errors ===
[2026-03-19 09:24:10] Found 195 total PDFs
[2026-03-19 09:24:10] TEXT: _OceanofPDF.com_CPython_Internals_-_Anthony_Shaw.pdf
[2026-03-19 09:24:13] TEXT: _OceanofPDF.com_Python_-_Andy_Vickler-1.pdf
[2026-03-19 09:24:17] TEXT: _OceanofPDF.com_Data_Wrangling_Using_Pandas_SQL_and_Java_-_Oswald_Campesato.pdf
[2026-03-19 09:24:20] SUMMARY: _OceanofPDF.com_The_Coders_Apprentice_-_Pieter_Spronck.pdf
[2026-03-19 09:25:47] SUMMARY: _OceanofPDF.com_Quick_Python_3_1_-_Matuszek_David.pdf
[2026-03-19 09:34:05] Found 195 total PDFs
[2026-03-19 09:34:05] TEXT: _OceanofPDF.com_Rust_Programming_For_Beginners_-_Voltaire_Lumiere.pdf
[2026-03-19 09:34:07] TEXT: _OceanofPDF.com_The_Rust_Programming_Language_3E_-_Steve_Klabnik.pdf
[2026-03-19 09:34:15] TEXT: _OceanofPDF.com_Rust_For_Database_-_Patrick_Radcliffe.pdf
[2026-03-19 09:34:18] SUMMARY: _OceanofPDF.com_Quick_Python_3_1_-_Matuszek_David.pdf
[2026-03-19 09:35:39] SUMMARY: _OceanofPDF.com_Hands-On_Machine_Learning_with_Scikit-Learn_Keras_and_Tensorflow_-_Aurelien_Geron.pdf
[2026-03-19 09:37:12] === PROGRESS: 21/195 text, 11/195 summarized, 0 errors ===
[2026-03-19 09:43:41] Found 195 total PDFs
[2026-03-19 09:43:41] TEXT: _OceanofPDF.com_Rust_for_Rustaceans_-_Jon_Gjengset.pdf
[2026-03-19 09:43:47] TEXT: _OceanofPDF.com_Rust_Web_Programming_-_Third_Edition_-_Maxwell_Flitton.pdf
[2026-03-19 09:43:52] TEXT: _OceanofPDF.com_Mastering_Rust_-_Rahul_Sharma.pdf
[2026-03-19 09:44:05] SUMMARY: _OceanofPDF.com_Python_3_Web_Development_Beginners_Guide_-_Michel_Anders.pdf
[2026-03-19 09:45:18] SUMMARY: _OceanofPDF.com_Python_3_Object-Oriented_Programming_-_Dusty_Phillips.pdf
[2026-03-19 09:47:10] === PROGRESS: 24/195 text, 13/195 summarized, 0 errors ===
[2026-03-19 09:53:15] Found 195 total PDFs
[2026-03-19 09:53:15] TEXT: _OceanofPDF.com_Rust_for_Network_Programming_and_Automation_2E_-_Gilbert_Stew.pdf
[2026-03-19 09:53:20] TEXT: _OceanofPDF.com_Rust__The_Ultimate_Beginners_Guide_to_Lea_-_John_Bach.pdf
[2026-03-19 09:53:22] TEXT: _OceanofPDF.com_Programming_Rust_3rd_Edition_Early_Release_-_Jim_Blandy.pdf
[2026-03-19 09:53:25] SUMMARY: _OceanofPDF.com_Python_3_Programming_and_GUIs_-_Andrew_Pratt.pdf
[2026-03-19 09:54:43] SUMMARY: _OceanofPDF.com_Python__3_books_in_1__Beginners_guide_Da_-_William_Dimick.pdf
[2026-03-19 10:04:29] Found 195 total PDFs
[2026-03-19 10:04:29] TEXT: _OceanofPDF.com_Practical_Rust_1x_Cookbook_Second_Edition_-_Lloyd_Frank.pdf
[2026-03-19 10:04:32] TEXT: _OceanofPDF.com_Rust_Programming_In_8_Hours_For_Beginner_-_Ray_Yao.pdf
[2026-03-19 10:04:33] TEXT: _OceanofPDF.com_The_Rust_Programming_Language_2nd_Edition_-_Steve_Klabnik.pdf
[2026-03-19 10:04:42] SUMMARY: _OceanofPDF.com_Python__3_books_in_1__Beginners_guide_Da_-_William_Dimick.pdf
[2026-03-19 10:06:10] SUMMARY: _OceanofPDF.com_Practical_Python_Programming_for_IoT_-_Gary_Smart.pdf
[2026-03-19 10:07:24] === PROGRESS: 30/195 text, 16/195 summarized, 0 errors ===
[2026-03-19 10:18:21] Found 195 total PDFs
[2026-03-19 10:18:21] TEXT: _OceanofPDF.com_Rust_Web___Programming_-_Maxwell_Flitton.pdf
[2026-03-19 10:18:36] TEXT: _OceanofPDF.com_Practical_System_Programming_for_Rust_Deve_-_Prabhu_Eshwarla.pdf
[2026-03-19 10:18:52] TEXT: _OceanofPDF.com_Hands-On_Functional_Programming_in_Rust_-_Andrew_Johnson.pdf
[2026-03-19 10:18:57] SUMMARY: _OceanofPDF.com_CPython_Internals_-_Anthony_Shaw.pdf
[2026-03-19 10:20:12] SUMMARY: _OceanofPDF.com_Python_-_Andy_Vickler-1.pdf
[2026-03-19 10:21:25] === PROGRESS: 33/195 text, 18/195 summarized, 0 errors ===
[2026-03-19 10:33:47] Found 195 total PDFs
[2026-03-19 10:33:47] TEXT: _OceanofPDF.com_The_Rust_Programming_Language_-_Evan_Pradipta_Hardinatha.pdf
[2026-03-19 10:33:48] TEXT: _OceanofPDF.com_Rust_for_Rustaceans_Idiomatic_Programming_for_Experienced_Developers_-_Jon_Gjengset.pdf
[2026-03-19 10:33:52] TEXT: _OceanofPDF.com_Fullstack_Rust_-_Andy_Weiss.pdf
[2026-03-19 10:33:56] SUMMARY: _OceanofPDF.com_Data_Wrangling_Using_Pandas_SQL_and_Java_-_Oswald_Campesato.pdf
[2026-03-19 10:35:27] SUMMARY: _OceanofPDF.com_Rust_Programming_For_Beginners_-_Voltaire_Lumiere.pdf
[2026-03-19 10:45:01] Found 195 total PDFs
[2026-03-19 10:45:01] TEXT: _OceanofPDF.com_Rust_Web_Programming_A_hands-on_guide_to_developing_packaging_and_deploying_fully_functional_Rust_web_applications_Second_Edition_-_Maxwell_Flitton.pdf
[2026-03-19 10:45:21] TEXT: _OceanofPDF.com_Asynchronous_Programming_in_Rust_-_Carl_Fredrik_Samson.pdf
[2026-03-19 10:45:27] TEXT: _OceanofPDF.com_Zero_To_Production_In_Rust_-_Luca_Palmieri.pdf
[2026-03-19 10:45:38] SUMMARY: _OceanofPDF.com_Rust_Programming_For_Beginners_-_Voltaire_Lumiere.pdf
[2026-03-19 10:46:57] SUMMARY: _OceanofPDF.com_The_Rust_Programming_Language_3E_-_Steve_Klabnik.pdf
[2026-03-19 10:53:51] Found 195 total PDFs
[2026-03-19 10:53:51] TEXT: _OceanofPDF.com_Rust_High_Performance_-_Iban_Eguia_Moraza.pdf
[2026-03-19 10:53:54] TEXT: _OceanofPDF.com_Practical_WebAssembly_-_Sendil_Kumar_Nellaiyapen.pdf
[2026-03-19 10:54:00] TEXT: _OceanofPDF.com_Programming_with_Rust_Final_Release_-_Donis_Marshall.pdf
[2026-03-19 10:54:05] SUMMARY: _OceanofPDF.com_The_Rust_Programming_Language_3E_-_Steve_Klabnik.pdf
[2026-03-19 10:55:49] SUMMARY: _OceanofPDF.com_Rust_For_Database_-_Patrick_Radcliffe.pdf
[2026-03-19 10:57:16] === PROGRESS: 42/195 text, 22/195 summarized, 0 errors ===
[2026-03-19 11:06:21] Found 195 total PDFs
[2026-03-19 11:06:21] TEXT: _OceanofPDF.com_Rust_Programming_A_Practical_Guide_-_Nouman_Azam.pdf
[2026-03-19 11:06:32] TEXT: _OceanofPDF.com_Internet_of_Things_IoT_and_Wastewater_Reuse_-_AK_Haghi.pdf
[2026-03-19 11:06:33] ERROR extracting: /media/tony/Drive2/IOT/_OceanofPDF.com_Internet_of_Things_IoT_and_Wastewater_Reuse_-_AK_Haghi.pdf
[2026-03-19 11:06:33] TEXT: _OceanofPDF.com_Learning_Techniques_for_the_IoT_-_Praveen_Kumar_Donta.pdf
[2026-03-19 11:06:37] TEXT: _OceanofPDF.com_Secure_Edge_Computing_for_IoT_-_Oluyemi_James_Odeyinka.pdf
[2026-03-19 11:06:47] SUMMARY: _OceanofPDF.com_Rust_for_Rustaceans_-_Jon_Gjengset.pdf
[2026-03-19 11:08:26] SUMMARY: _OceanofPDF.com_Rust_Web_Programming_-_Third_Edition_-_Maxwell_Flitton.pdf
[2026-03-19 11:09:49] === PROGRESS: 45/195 text, 24/195 summarized, 1 errors ===
[2026-03-19 11:24:58] Found 195 total PDFs
[2026-03-19 11:24:58] TEXT: _OceanofPDF.com_Practical_IoT_Hacking_-_Fotios_Chantzis.pdf
[2026-03-19 11:25:07] TEXT: _OceanofPDF.com_Home_Appliance_Hack-and-IoT_Guidebook_-_Hans_Henrik_Skovgaard.pdf
[2026-03-19 11:25:17] TEXT: _OceanofPDF.com_AI_and_ML-Driven_Cybersecurity_with_Python_-_Atdhe_Buja.pdf
[2026-03-19 11:25:19] SUMMARY: _OceanofPDF.com_Mastering_Rust_-_Rahul_Sharma.pdf
[2026-03-19 11:26:47] SUMMARY: _OceanofPDF.com_Rust_for_Network_Programming_and_Automation_2E_-_Gilbert_Stew.pdf
[2026-03-19 11:28:34] === PROGRESS: 48/195 text, 26/195 summarized, 1 errors ===
[2026-03-19 11:39:09] Found 195 total PDFs
[2026-03-19 11:39:09] TEXT: _OceanofPDF.com_Proceedings_of_3rd_International_Conference_on_Recent_Trends_in_Machine_Learning_IoT_Smart_Cities_and_Applications_ICMISC_2022_-_Vinit_Kumar_Gunjan.pdf
[2026-03-19 11:39:17] TEXT: _OceanofPDF.com_IoT_Fundamentals_-_David_Hanes_Gonzalo_Salgueiro.pdf
[2026-03-19 11:39:23] TEXT: _OceanofPDF.com_Introduction_to_Internet_of_Things_IoT_-_Ahmed_Banafa.pdf
[2026-03-19 11:39:26] SUMMARY: _OceanofPDF.com_Rust__The_Ultimate_Beginners_Guide_to_Lea_-_John_Bach.pdf
[2026-03-19 11:40:43] SUMMARY: _OceanofPDF.com_Programming_Rust_3rd_Edition_Early_Release_-_Jim_Blandy.pdf
[2026-03-19 11:42:04] === PROGRESS: 51/195 text, 28/195 summarized, 1 errors ===
[2026-03-19 11:53:15] Found 195 total PDFs
[2026-03-19 11:53:15] TEXT: _OceanofPDF.com_Artificial_Intelligence_Big_Data_and_IoT_-_Rajesh_Singh.pdf
[2026-03-19 11:54:57] TEXT: _OceanofPDF.com_Network_Optimization_in_Intelligent_IoT_-_Payal_Khurana_Batra.pdf
[2026-03-19 11:55:03] TEXT: _OceanofPDF.com_Mastering_IoT_For_Industrial_Environments_-_Shrey_Sharma.pdf
[2026-03-19 11:55:07] SUMMARY: _OceanofPDF.com_Practical_Rust_1x_Cookbook_Second_Edition_-_Lloyd_Frank.pdf
[2026-03-19 11:56:26] SUMMARY: _OceanofPDF.com_Rust_Programming_In_8_Hours_For_Beginner_-_Ray_Yao.pdf
[2026-03-19 11:57:41] === PROGRESS: 54/195 text, 30/195 summarized, 1 errors ===
[2026-03-19 12:21:57] Found 195 total PDFs
[2026-03-19 12:21:57] TEXT: _OceanofPDF.com_Internet_of_Things_for_Architects_-_Perry_Lea.pdf
[2026-03-19 12:22:08] TEXT: _OceanofPDF.com_Optimising_IoT_Networks_-_Suvarna_Patil.pdf
[2026-03-19 12:22:15] TEXT: _OceanofPDF.com_DevOps_for_Trustworthy_Smart_IoT_Systems_-_Nicolas_Ferry.pdf
[2026-03-19 12:22:47] SUMMARY: _OceanofPDF.com_The_Rust_Programming_Language_2nd_Edition_-_Steve_Klabnik.pdf
[2026-03-19 12:24:26] SUMMARY: _OceanofPDF.com_Rust_Web___Programming_-_Maxwell_Flitton.pdf
[2026-03-19 12:25:55] === PROGRESS: 57/195 text, 32/195 summarized, 1 errors ===
[2026-03-19 12:37:32] Found 195 total PDFs
[2026-03-19 12:37:32] TEXT: _OceanofPDF.com_An_Introduction_to_IoT_Analytics_-_Harry_G_Perros.pdf
[2026-03-19 12:37:40] TEXT: _OceanofPDF.com_Introduction_to_Cybersecurity_in_the_IoT_-_Keke_Gai.pdf
[2026-03-19 12:37:48] TEXT: _OceanofPDF.com_Antennas_for_IoT_-_Prutha_P_Kulkarni.pdf
[2026-03-19 12:37:52] SUMMARY: _OceanofPDF.com_Practical_System_Programming_for_Rust_Deve_-_Prabhu_Eshwarla.pdf
[2026-03-19 12:39:22] SUMMARY: _OceanofPDF.com_Hands-On_Functional_Programming_in_Rust_-_Andrew_Johnson.pdf
[2026-03-19 12:40:43] === PROGRESS: 60/195 text, 34/195 summarized, 1 errors ===
[2026-03-19 12:55:10] Found 195 total PDFs
[2026-03-19 12:55:10] TEXT: _OceanofPDF.com_Beginning_MicroPython_with_Raspberry_Pi_Pico_-_Charles_Bell.pdf
[2026-03-19 12:55:14] TEXT: _OceanofPDF.com_ESP32_Arduino_Programming_Essentials_-_Sarful_Hassan.pdf
[2026-03-19 12:55:18] TEXT: _OceanofPDF.com_Mastering_ESP32_with_Arduino_IDE_Cookbook_-_Furuta_Kimiko-1.pdf
[2026-03-19 12:55:19] SUMMARY: _OceanofPDF.com_The_Rust_Programming_Language_-_Evan_Pradipta_Hardinatha.pdf
[2026-03-19 12:57:07] SUMMARY: _OceanofPDF.com_Rust_for_Rustaceans_Idiomatic_Programming_for_Experienced_Developers_-_Jon_Gjengset.pdf
[2026-03-19 12:58:23] === PROGRESS: 63/195 text, 36/195 summarized, 1 errors ===
[2026-03-19 13:16:22] Found 195 total PDFs
[2026-03-19 13:16:22] TEXT: _OceanofPDF.com_Python_Programming_Recipes_for_IoT_-_Jivan_S_Parab.pdf
[2026-03-19 13:16:24] TEXT: _OceanofPDF.com_Python_Programming_Handbook_For_IoT_Development_-_Hazel_Mackay.pdf
[2026-03-19 13:16:25] TEXT: _OceanofPDF.com_Fostering_ML_and_IoT_for_Blockchain_-_Khaleel_Ahmad.pdf
[2026-03-19 13:16:29] SUMMARY: _OceanofPDF.com_Fullstack_Rust_-_Andy_Weiss.pdf
[2026-03-19 13:17:53] SUMMARY: _OceanofPDF.com_Rust_Web_Programming_A_hands-on_guide_to_developing_packaging_and_deploying_fully_functional_Rust_web_applications_Second_Edition_-_Maxwell_Flitton.pdf
[2026-03-19 13:19:21] === PROGRESS: 66/195 text, 38/195 summarized, 1 errors ===
[2026-03-19 13:37:16] Found 195 total PDFs
[2026-03-19 13:37:16] TEXT: _OceanofPDF.com_IoT-enabled_Sensor_Networks_Architecture_-_Samayveer_Singh.pdf
[2026-03-19 13:38:28] TEXT: _OceanofPDF.com_CrateDB_for_IoT_and_Machine_Data_-_William_Smith.pdf
[2026-03-19 13:38:31] TEXT: _OceanofPDF.com_Computer_Vision_Image_Generation_and_IoT_AI_-_Et_Tu_Code.pdf
[2026-03-19 13:38:33] SUMMARY: _OceanofPDF.com_Asynchronous_Programming_in_Rust_-_Carl_Fredrik_Samson.pdf
[2026-03-19 13:52:45] Found 195 total PDFs
[2026-03-19 13:52:45] TEXT: _OceanofPDF.com_Artificial_Intelligence_IOT_and_machine_L_-_Praveen_Donepudi.pdf
[2026-03-19 13:52:47] TEXT: _OceanofPDF.com_Raspberry_Pi_Projects_IoT_and_Home_Automation_-_STEM_School.pdf
[2026-03-19 13:52:48] TEXT: _OceanofPDF.com_Developing_IoT_Projects_with_ESP32_-_Vedat_Ozan_Oner.pdf
[2026-03-19 13:52:49] SUMMARY: _OceanofPDF.com_Asynchronous_Programming_in_Rust_-_Carl_Fredrik_Samson.pdf
[2026-03-19 13:54:25] SUMMARY: _OceanofPDF.com_Zero_To_Production_In_Rust_-_Luca_Palmieri.pdf
[2026-03-19 13:55:57] === PROGRESS: 72/195 text, 40/195 summarized, 1 errors ===
[2026-03-19 14:10:05] Found 195 total PDFs
[2026-03-19 14:10:05] TEXT: _OceanofPDF.com_The_Complete_Guide_To_Esp32_And_Arduino_-_Roronoa_Hatake.pdf
[2026-03-19 14:10:07] TEXT: _OceanofPDF.com_IoT_Projects_with_NVIDIA_Jetson_Nano_-_Agus_Kurniawan.pdf
[2026-03-19 14:10:08] TEXT: _OceanofPDF.com_Python_Programming_Workbook_-_Alex_J_Collins.pdf
[2026-03-19 14:10:09] SUMMARY: _OceanofPDF.com_Rust_High_Performance_-_Iban_Eguia_Moraza.pdf
[2026-03-19 14:11:20] SUMMARY: _OceanofPDF.com_Practical_WebAssembly_-_Sendil_Kumar_Nellaiyapen.pdf
[2026-03-19 14:27:24] Found 195 total PDFs
[2026-03-19 14:27:24] TEXT: _OceanofPDF.com_EXPLORE_ESP32_MICROPYTHON_-_Akira_Shiro.pdf
[2026-03-19 14:27:25] TEXT: _OceanofPDF.com_Mastering_The_Esp32_IOT_Projects_With_Arduino_-_Mikasa_Mizuki.pdf
[2026-03-19 14:27:26] TEXT: _OceanofPDF.com_Data_Privacy_-_Walter_Rocchi.pdf
[2026-03-19 14:27:32] SUMMARY: _OceanofPDF.com_Practical_WebAssembly_-_Sendil_Kumar_Nellaiyapen.pdf
[2026-03-19 14:28:47] SUMMARY: _OceanofPDF.com_Programming_with_Rust_Final_Release_-_Donis_Marshall.pdf
[2026-03-19 14:29:51] === PROGRESS: 78/195 text, 43/195 summarized, 1 errors ===
[2026-03-19 14:42:41] Found 195 total PDFs
[2026-03-19 14:42:41] TEXT: _OceanofPDF.com_System_Design_Using_the_IoT_with_DL_-_Arpan_Deyasi.pdf
[2026-03-19 14:42:44] TEXT: _OceanofPDF.com_Practical_Python_Programming_for_IoT_-_Gary_Smart.pdf
[2026-03-19 14:42:52] TEXT: _OceanofPDF.com_Hands-On_AI_for_IoT_2nd_Edition_-_Dr_Amita_Kapoor.pdf
[2026-03-19 14:43:26] SUMMARY: _OceanofPDF.com_Rust_Programming_A_Practical_Guide_-_Nouman_Azam.pdf
[2026-03-19 14:44:45] SUMMARY: _OceanofPDF.com_Learning_Techniques_for_the_IoT_-_Praveen_Kumar_Donta.pdf
[2026-03-19 14:46:01] === PROGRESS: 81/195 text, 45/195 summarized, 1 errors ===
[2026-03-19 14:56:30] Found 195 total PDFs
[2026-03-19 14:56:30] TEXT: _OceanofPDF.com_Smart_Infrastructures_in_the_IoT_Era_-_Fadi_Al-Turjman.pdf
[2026-03-19 14:56:52] TEXT: _OceanofPDF.com_IoT_Signal_Detection_-_Rui_Han.pdf
[2026-03-19 14:56:55] TEXT: _OceanofPDF.com_Industrial_IoT_and_Advanced_Techniques_-_Kanak_Kalita.pdf
[2026-03-19 14:57:06] SUMMARY: _OceanofPDF.com_Secure_Edge_Computing_for_IoT_-_Oluyemi_James_Odeyinka.pdf
[2026-03-19 14:58:18] SUMMARY: _OceanofPDF.com_Practical_IoT_Hacking_-_Fotios_Chantzis.pdf
[2026-03-19 15:03:09] Found 195 total PDFs
[2026-03-19 15:03:09] TEXT: _OceanofPDF.com_LIFE_OF_AI__A_Complete_Guide_2020_Beginne_-_WILLIAM_KRYSTAL.pdf
[2026-03-19 15:03:46] TEXT: _OceanofPDF.com_Integration_of_Cloud_Computing_and_IoT_-_Prabh_Deep_Singh.pdf
[2026-03-19 15:04:02] TEXT: _OceanofPDF.com_Cellular_IoT_From_5G_to_5G_Advanced_-_Olof_Liberg.pdf
[2026-03-19 15:04:07] SUMMARY: _OceanofPDF.com_Practical_IoT_Hacking_-_Fotios_Chantzis.pdf
[2026-03-19 15:05:50] SUMMARY: _OceanofPDF.com_Home_Appliance_Hack-and-IoT_Guidebook_-_Hans_Henrik_Skovgaard.pdf
[2026-03-19 15:07:26] === PROGRESS: 87/195 text, 48/195 summarized, 1 errors ===
[2026-03-19 15:15:07] Found 195 total PDFs
[2026-03-19 15:15:07] TEXT: _OceanofPDF.com_Internet_of_Things_IoT_-_Luis_M_Camarinha-Matos.pdf
[2026-03-19 15:15:22] TEXT: _OceanofPDF.com_Learning_Algorithms_for_IoT_-_GR_Kanagachidambaresan.pdf
[2026-03-19 15:15:24] TEXT: _OceanofPDF.com_100_Essential_ESP32_IOT_Projects_-_Roronoa_Hatake.pdf
[2026-03-19 15:15:25] SUMMARY: _OceanofPDF.com_AI_and_ML-Driven_Cybersecurity_with_Python_-_Atdhe_Buja.pdf
[2026-03-19 15:17:03] SUMMARY: _OceanofPDF.com_Proceedings_of_3rd_International_Conference_on_Recent_Trends_in_Machine_Learning_IoT_Smart_Cities_and_Applications_ICMISC_2022_-_Vinit_Kumar_Gunjan.pdf
[2026-03-19 15:18:33] === PROGRESS: 90/195 text, 50/195 summarized, 1 errors ===
[2026-03-19 15:22:14] Found 195 total PDFs
[2026-03-19 15:22:14] TEXT: _OceanofPDF.com_Video_Data_Analytics_for_Smart_City_Applications_-_Abhishek_Singh_Rathore.pdf
[2026-03-19 15:23:26] TEXT: _OceanofPDF.com_IoT_Fundamentals_with_a_Practical_Approach_-_Neera_Batra.pdf
[2026-03-19 15:23:30] TEXT: _OceanofPDF.com_Security_and_Privacy_for_6G_Massive_IoT_-_Georgios_Mantas.pdf
[2026-03-19 15:23:36] SUMMARY: _OceanofPDF.com_IoT_Fundamentals_-_David_Hanes_Gonzalo_Salgueiro.pdf
[2026-03-19 15:25:01] SUMMARY: _OceanofPDF.com_Introduction_to_Internet_of_Things_IoT_-_Ahmed_Banafa.pdf
[2026-03-19 15:26:52] === PROGRESS: 93/195 text, 52/195 summarized, 1 errors ===
[2026-03-19 15:33:13] Found 195 total PDFs
[2026-03-19 15:33:13] TEXT: _OceanofPDF.com_The_ESP32_IoT_Bible_Android_Programming_-_Sanji_Nakamoto.pdf
[2026-03-19 15:33:15] TEXT: _OceanofPDF.com_Explainable_IoT_Applications_-_Sachi_Nandan_Mohanty.pdf
[2026-03-19 15:33:21] TEXT: _OceanofPDF.com_Fun_with_Raspberry_Pi_A_practical_guide_-_Joaquin_Salgado.pdf
[2026-03-19 15:33:25] SUMMARY: _OceanofPDF.com_Artificial_Intelligence_Big_Data_and_IoT_-_Rajesh_Singh.pdf
[2026-03-19 15:36:25] SUMMARY: _OceanofPDF.com_Network_Optimization_in_Intelligent_IoT_-_Payal_Khurana_Batra.pdf
[2026-03-19 15:37:38] === PROGRESS: 96/195 text, 54/195 summarized, 1 errors ===
[2026-03-19 15:42:26] Found 195 total PDFs
[2026-03-19 15:42:26] TEXT: _OceanofPDF.com_Mastering_ESP32_with_Arduino_IDE_Cookbook_-_Furuta_Kimiko.pdf
[2026-03-19 15:42:28] TEXT: _OceanofPDF.com_AWS_IoT_With_Edge_ML_and_Cybersecurity_-_Syed_Rehan.pdf
[2026-03-19 15:42:31] TEXT: _OceanofPDF.com_Internet_of_Things_IoT_and_Wastewater_Reuse_-_AK_Haghi.pdf
[2026-03-19 15:42:32] ERROR extracting: /media/tony/Drive2/Full_Stack_Dev/_OceanofPDF.com_Internet_of_Things_IoT_and_Wastewater_Reuse_-_AK_Haghi.pdf
[2026-03-19 15:42:32] TEXT: _OceanofPDF.com_Learning_Techniques_for_the_IoT_-_Praveen_Kumar_Donta.pdf
[2026-03-19 15:42:36] SUMMARY: _OceanofPDF.com_Mastering_IoT_For_Industrial_Environments_-_Shrey_Sharma.pdf
[2026-03-19 15:43:49] SUMMARY: _OceanofPDF.com_Internet_of_Things_for_Architects_-_Perry_Lea.pdf
[2026-03-19 15:45:25] === PROGRESS: 99/195 text, 56/195 summarized, 2 errors ===
[2026-03-19 15:52:18] Found 195 total PDFs
[2026-03-19 15:52:18] TEXT: _OceanofPDF.com_Secure_Edge_Computing_for_IoT_-_Oluyemi_James_Odeyinka.pdf
[2026-03-19 15:52:28] TEXT: _OceanofPDF.com_Practical_IoT_Hacking_-_Fotios_Chantzis.pdf
[2026-03-19 15:52:37] TEXT: _OceanofPDF.com_Home_Appliance_Hack-and-IoT_Guidebook_-_Hans_Henrik_Skovgaard.pdf
[2026-03-19 15:52:48] SUMMARY: _OceanofPDF.com_Optimising_IoT_Networks_-_Suvarna_Patil.pdf
[2026-03-19 16:07:49] Found 195 total PDFs
[2026-03-19 16:07:49] TEXT: _OceanofPDF.com_AI_and_ML-Driven_Cybersecurity_with_Python_-_Atdhe_Buja.pdf
[2026-03-19 16:07:51] TEXT: _OceanofPDF.com_JavaScript_from_Frontend_to_Backend_-_Eric_Sarrion.pdf
[2026-03-19 16:07:58] TEXT: _OceanofPDF.com_Proceedings_of_3rd_International_Conference_on_Recent_Trends_in_Machine_Learning_IoT_Smart_Cities_and_Applications_ICMISC_2022_-_Vinit_Kumar_Gunjan.pdf
[2026-03-19 16:08:06] SUMMARY: _OceanofPDF.com_Optimising_IoT_Networks_-_Suvarna_Patil.pdf
[2026-03-19 16:34:01] Found 195 total PDFs
[2026-03-19 16:34:01] TEXT: _OceanofPDF.com_IoT_Fundamentals_-_David_Hanes_Gonzalo_Salgueiro.pdf
[2026-03-19 16:34:08] TEXT: _OceanofPDF.com_Introduction_to_Internet_of_Things_IoT_-_Ahmed_Banafa.pdf
[2026-03-19 16:34:10] TEXT: _OceanofPDF.com_Artificial_Intelligence_Big_Data_and_IoT_-_Rajesh_Singh.pdf
[2026-03-19 16:35:53] SUMMARY: _OceanofPDF.com_Optimising_IoT_Networks_-_Suvarna_Patil.pdf
[2026-03-19 16:37:30] SUMMARY: _OceanofPDF.com_DevOps_for_Trustworthy_Smart_IoT_Systems_-_Nicolas_Ferry.pdf
[2026-03-19 16:42:31] Found 195 total PDFs
[2026-03-19 16:42:31] TEXT: _OceanofPDF.com_Full_StackDjango_and_React_-_Kolawole_Mangabo.pdf
[2026-03-19 16:42:42] TEXT: _OceanofPDF.com_Mastering_Full-Stack_React_Web_Development_-_Tomasz_Dyl_Kamil_Przeorski_and_Maciej_Czarnecki.pdf
[2026-03-19 16:42:45] TEXT: _OceanofPDF.com_Network_Optimization_in_Intelligent_IoT_-_Payal_Khurana_Batra.pdf
[2026-03-19 16:42:51] SUMMARY: _OceanofPDF.com_DevOps_for_Trustworthy_Smart_IoT_Systems_-_Nicolas_Ferry.pdf
[2026-03-19 16:44:55] SUMMARY: _OceanofPDF.com_An_Introduction_to_IoT_Analytics_-_Harry_G_Perros.pdf
[2026-03-19 16:46:23] === PROGRESS: 111/195 text, 59/195 summarized, 2 errors ===
[2026-03-19 16:52:14] Found 195 total PDFs
[2026-03-19 16:52:14] TEXT: _OceanofPDF.com_Mastering_IoT_For_Industrial_Environments_-_Shrey_Sharma.pdf
[2026-03-19 16:52:18] TEXT: _OceanofPDF.com_Raspberry_Pi_Full_Stack_-_Peter_Dalmaris.pdf
[2026-03-19 16:52:24] TEXT: _OceanofPDF.com_Internet_of_Things_for_Architects_-_Perry_Lea.pdf
[2026-03-19 16:52:34] SUMMARY: _OceanofPDF.com_Introduction_to_Cybersecurity_in_the_IoT_-_Keke_Gai.pdf
[2026-03-19 16:54:10] SUMMARY: _OceanofPDF.com_Antennas_for_IoT_-_Prutha_P_Kulkarni.pdf
[2026-03-19 16:55:40] === PROGRESS: 114/195 text, 61/195 summarized, 2 errors ===
[2026-03-19 17:04:30] Found 195 total PDFs
[2026-03-19 17:04:30] TEXT: _OceanofPDF.com_Optimising_IoT_Networks_-_Suvarna_Patil.pdf
[2026-03-19 17:04:37] TEXT: _OceanofPDF.com_Essential_ASPNET_Web_Forms_Development_-_Robert_E_Beasley.pdf
[2026-03-19 17:04:57] TEXT: _OceanofPDF.com_DevOps_for_Trustworthy_Smart_IoT_Systems_-_Nicolas_Ferry.pdf
[2026-03-19 17:05:27] SUMMARY: _OceanofPDF.com_Beginning_MicroPython_with_Raspberry_Pi_Pico_-_Charles_Bell.pdf
[2026-03-19 17:06:52] SUMMARY: _OceanofPDF.com_ESP32_Arduino_Programming_Essentials_-_Sarful_Hassan.pdf
[2026-03-19 17:08:12] === PROGRESS: 117/195 text, 63/195 summarized, 2 errors ===
[2026-03-19 17:17:48] Found 195 total PDFs
[2026-03-19 17:17:48] TEXT: _OceanofPDF.com_MEAN_Stack_Web_Development_-_Theophilus_Edet.pdf
[2026-03-19 17:17:48] TEXT: _OceanofPDF.com_Full_Stack_Web_Development_-_Philip_Ackermann.pdf
[2026-03-19 17:17:59] TEXT: _OceanofPDF.com_An_Introduction_to_IoT_Analytics_-_Harry_G_Perros.pdf
[2026-03-19 17:18:07] SUMMARY: _OceanofPDF.com_Mastering_ESP32_with_Arduino_IDE_Cookbook_-_Furuta_Kimiko-1.pdf
[2026-03-19 17:19:29] SUMMARY: _OceanofPDF.com_Python_Programming_Recipes_for_IoT_-_Jivan_S_Parab.pdf
[2026-03-19 17:20:34] === PROGRESS: 120/195 text, 65/195 summarized, 2 errors ===
[2026-03-19 17:34:11] Found 195 total PDFs
[2026-03-19 17:34:11] TEXT: _OceanofPDF.com_Introduction_to_Cybersecurity_in_the_IoT_-_Keke_Gai.pdf
[2026-03-19 17:34:19] TEXT: _OceanofPDF.com_Antennas_for_IoT_-_Prutha_P_Kulkarni.pdf
[2026-03-19 17:34:23] TEXT: _OceanofPDF.com_Beginning_MicroPython_with_Raspberry_Pi_Pico_-_Charles_Bell.pdf
[2026-03-19 17:34:28] SUMMARY: _OceanofPDF.com_Python_Programming_Handbook_For_IoT_Development_-_Hazel_Mackay.pdf
[2026-03-19 17:35:49] SUMMARY: _OceanofPDF.com_Fostering_ML_and_IoT_for_Blockchain_-_Khaleel_Ahmad.pdf
[2026-03-19 17:43:18] Found 195 total PDFs
[2026-03-19 17:43:18] TEXT: _OceanofPDF.com_ESP32_Arduino_Programming_Essentials_-_Sarful_Hassan.pdf
[2026-03-19 17:43:21] TEXT: _OceanofPDF.com_Mastering_ESP32_with_Arduino_IDE_Cookbook_-_Furuta_Kimiko-1.pdf
[2026-03-19 17:43:23] TEXT: _OceanofPDF.com_Python_Flask_and_Django_-_Emenwa_Global.pdf
[2026-03-19 17:43:26] SUMMARY: _OceanofPDF.com_Fostering_ML_and_IoT_for_Blockchain_-_Khaleel_Ahmad.pdf
[2026-03-19 17:44:59] SUMMARY: _OceanofPDF.com_IoT-enabled_Sensor_Networks_Architecture_-_Samayveer_Singh.pdf
[2026-03-19 17:47:18] === PROGRESS: 126/195 text, 68/195 summarized, 2 errors ===
[2026-03-19 17:52:44] Found 195 total PDFs
[2026-03-19 17:52:44] TEXT: _OceanofPDF.com_Python_Programming_Recipes_for_IoT_-_Jivan_S_Parab.pdf
[2026-03-19 17:52:46] TEXT: _OceanofPDF.com_Full_Stack_Web_Development_with_Django_-_Olatunde_Adedeji.pdf
[2026-03-19 17:52:51] TEXT: _OceanofPDF.com_Full-Stack_Web_Development_with_Go_-_Nanik_Tolaram.pdf
[2026-03-19 17:52:55] SUMMARY: _OceanofPDF.com_CrateDB_for_IoT_and_Machine_Data_-_William_Smith.pdf
[2026-03-19 17:54:27] SUMMARY: _OceanofPDF.com_Computer_Vision_Image_Generation_and_IoT_AI_-_Et_Tu_Code.pdf
[2026-03-19 17:55:58] === PROGRESS: 129/195 text, 70/195 summarized, 2 errors ===
[2026-03-19 18:03:23] Found 195 total PDFs
[2026-03-19 18:03:23] TEXT: _OceanofPDF.com_Python_Programming_Handbook_For_IoT_Development_-_Hazel_Mackay.pdf
[2026-03-19 18:03:24] TEXT: _OceanofPDF.com_Fostering_ML_and_IoT_for_Blockchain_-_Khaleel_Ahmad.pdf
[2026-03-19 18:03:28] TEXT: _OceanofPDF.com_IoT-enabled_Sensor_Networks_Architecture_-_Samayveer_Singh.pdf
[2026-03-19 18:04:41] SUMMARY: _OceanofPDF.com_Artificial_Intelligence_IOT_and_machine_L_-_Praveen_Donepudi.pdf
[2026-03-19 18:16:54] Found 195 total PDFs
[2026-03-19 18:16:54] TEXT: _OceanofPDF.com_CrateDB_for_IoT_and_Machine_Data_-_William_Smith.pdf
[2026-03-19 18:16:56] TEXT: _OceanofPDF.com_Computer_Vision_Image_Generation_and_IoT_AI_-_Et_Tu_Code.pdf
[2026-03-19 18:16:59] TEXT: _OceanofPDF.com_Artificial_Intelligence_IOT_and_machine_L_-_Praveen_Donepudi.pdf
[2026-03-19 18:17:00] SUMMARY: _OceanofPDF.com_Artificial_Intelligence_IOT_and_machine_L_-_Praveen_Donepudi.pdf
[2026-03-19 18:18:32] SUMMARY: _OceanofPDF.com_Raspberry_Pi_Projects_IoT_and_Home_Automation_-_STEM_School.pdf
[2026-03-19 18:22:19] Found 195 total PDFs
[2026-03-19 18:22:19] TEXT: _OceanofPDF.com_Raspberry_Pi_Projects_IoT_and_Home_Automation_-_STEM_School.pdf
[2026-03-19 18:22:20] TEXT: _OceanofPDF.com_Hands-On_Full_Stack_Development_with_Spring_Boot_20_and_React_-_Juha_Hinkula.pdf
[2026-03-19 18:22:24] TEXT: _OceanofPDF.com_Developing_IoT_Projects_with_ESP32_-_Vedat_Ozan_Oner.pdf
[2026-03-19 18:22:26] SUMMARY: _OceanofPDF.com_Raspberry_Pi_Projects_IoT_and_Home_Automation_-_STEM_School.pdf
[2026-03-19 18:23:39] SUMMARY: _OceanofPDF.com_Developing_IoT_Projects_with_ESP32_-_Vedat_Ozan_Oner.pdf
[2026-03-19 18:25:05] === PROGRESS: 138/195 text, 73/195 summarized, 2 errors ===
[2026-03-19 18:33:28] Found 195 total PDFs
[2026-03-19 18:33:28] TEXT: _OceanofPDF.com_The_Complete_Guide_To_Esp32_And_Arduino_-_Roronoa_Hatake.pdf
[2026-03-19 18:33:30] TEXT: _OceanofPDF.com_IoT_Projects_with_NVIDIA_Jetson_Nano_-_Agus_Kurniawan.pdf
[2026-03-19 18:33:30] TEXT: _OceanofPDF.com_Python_Programming_Workbook_-_Alex_J_Collins.pdf
[2026-03-19 18:33:32] SUMMARY: _OceanofPDF.com_The_Complete_Guide_To_Esp32_And_Arduino_-_Roronoa_Hatake.pdf
[2026-03-19 18:35:07] SUMMARY: _OceanofPDF.com_IoT_Projects_with_NVIDIA_Jetson_Nano_-_Agus_Kurniawan.pdf
[2026-03-19 18:42:06] Found 195 total PDFs
[2026-03-19 18:42:06] TEXT: _OceanofPDF.com_Mastering_AI_App_Development_with_MERN_Stack_-_Anik_Acharjee.pdf
[2026-03-19 18:42:12] TEXT: _OceanofPDF.com_EXPLORE_ESP32_MICROPYTHON_-_Akira_Shiro.pdf
[2026-03-19 18:42:13] TEXT: _OceanofPDF.com_Mastering_The_Esp32_IOT_Projects_With_Arduino_-_Mikasa_Mizuki.pdf
[2026-03-19 18:42:14] SUMMARY: _OceanofPDF.com_IoT_Projects_with_NVIDIA_Jetson_Nano_-_Agus_Kurniawan.pdf
[2026-03-19 18:43:39] SUMMARY: _OceanofPDF.com_Python_Programming_Workbook_-_Alex_J_Collins.pdf
[2026-03-19 18:44:46] === PROGRESS: 144/195 text, 76/195 summarized, 2 errors ===
[2026-03-19 18:52:20] Found 195 total PDFs
[2026-03-19 18:52:20] TEXT: _OceanofPDF.com_ASPNET_Core_6_and_Angular_-_Valerio_De_Sanctis.pdf
[2026-03-19 18:52:35] TEXT: _OceanofPDF.com_Data_Privacy_-_Walter_Rocchi.pdf
[2026-03-19 18:52:41] TEXT: _OceanofPDF.com_System_Design_Using_the_IoT_with_DL_-_Arpan_Deyasi.pdf
[2026-03-19 18:52:44] SUMMARY: _OceanofPDF.com_EXPLORE_ESP32_MICROPYTHON_-_Akira_Shiro.pdf
[2026-03-19 18:54:07] SUMMARY: _OceanofPDF.com_Mastering_The_Esp32_IOT_Projects_With_Arduino_-_Mikasa_Mizuki.pdf
[2026-03-19 18:55:30] === PROGRESS: 147/195 text, 78/195 summarized, 2 errors ===
[2026-03-19 19:06:23] Found 195 total PDFs
[2026-03-19 19:06:23] TEXT: _OceanofPDF.com_Practical_Python_Programming_for_IoT_-_Gary_Smart.pdf
[2026-03-19 19:06:31] TEXT: _OceanofPDF.com_Hands-On_AI_for_IoT_2nd_Edition_-_Dr_Amita_Kapoor.pdf
[2026-03-19 19:07:04] TEXT: _OceanofPDF.com_Smart_Infrastructures_in_the_IoT_Era_-_Fadi_Al-Turjman.pdf
[2026-03-19 19:07:27] SUMMARY: _OceanofPDF.com_Data_Privacy_-_Walter_Rocchi.pdf
[2026-03-19 19:09:01] SUMMARY: _OceanofPDF.com_System_Design_Using_the_IoT_with_DL_-_Arpan_Deyasi.pdf
[2026-03-19 19:10:25] === PROGRESS: 150/195 text, 80/195 summarized, 2 errors ===
[2026-03-19 19:21:25] Found 195 total PDFs
[2026-03-19 19:21:25] TEXT: _OceanofPDF.com_IoT_Signal_Detection_-_Rui_Han.pdf
[2026-03-19 19:21:28] TEXT: _OceanofPDF.com_MERN_Stack_Web_Development_For_Beginners_-_Nathan_Sebhastian.pdf
[2026-03-19 19:21:31] TEXT: _OceanofPDF.com_Industrial_IoT_and_Advanced_Techniques_-_Kanak_Kalita.pdf
[2026-03-19 19:21:43] SUMMARY: _OceanofPDF.com_Practical_Python_Programming_for_IoT_-_Gary_Smart.pdf
[2026-03-19 19:23:18] SUMMARY: _OceanofPDF.com_Hands-On_AI_for_IoT_2nd_Edition_-_Dr_Amita_Kapoor.pdf
[2026-03-19 19:25:00] === PROGRESS: 153/195 text, 82/195 summarized, 2 errors ===
[2026-03-19 19:32:48] Found 195 total PDFs
[2026-03-19 19:32:48] TEXT: _OceanofPDF.com_LIFE_OF_AI__A_Complete_Guide_2020_Beginne_-_WILLIAM_KRYSTAL.pdf
[2026-03-19 19:33:25] TEXT: _OceanofPDF.com_Integration_of_Cloud_Computing_and_IoT_-_Prabh_Deep_Singh.pdf
[2026-03-19 19:33:41] TEXT: _OceanofPDF.com_Hands-On_Full-Stack_Web_Development_with_G_-_Sebastian_Grebe.pdf
[2026-03-19 19:33:49] SUMMARY: _OceanofPDF.com_Smart_Infrastructures_in_the_IoT_Era_-_Fadi_Al-Turjman.pdf
[2026-03-19 19:35:45] SUMMARY: _OceanofPDF.com_IoT_Signal_Detection_-_Rui_Han.pdf
[2026-03-19 19:37:12] === PROGRESS: 156/195 text, 84/195 summarized, 2 errors ===
[2026-03-19 19:42:11] Found 195 total PDFs
[2026-03-19 19:42:11] TEXT: _OceanofPDF.com_Cellular_IoT_From_5G_to_5G_Advanced_-_Olof_Liberg.pdf
[2026-03-19 19:42:17] TEXT: _OceanofPDF.com_Internet_of_Things_IoT_-_Luis_M_Camarinha-Matos.pdf
[2026-03-19 19:42:31] TEXT: _OceanofPDF.com_Learning_Algorithms_for_IoT_-_GR_Kanagachidambaresan.pdf
[2026-03-19 19:42:34] SUMMARY: _OceanofPDF.com_Industrial_IoT_and_Advanced_Techniques_-_Kanak_Kalita.pdf
[2026-03-19 19:52:17] Found 195 total PDFs
[2026-03-19 19:52:17] TEXT: _OceanofPDF.com_100_Essential_ESP32_IOT_Projects_-_Roronoa_Hatake.pdf
[2026-03-19 19:52:18] TEXT: _OceanofPDF.com_Video_Data_Analytics_for_Smart_City_Applications_-_Abhishek_Singh_Rathore.pdf
[2026-03-19 19:53:31] TEXT: _OceanofPDF.com_IoT_Fundamentals_with_a_Practical_Approach_-_Neera_Batra.pdf
[2026-03-19 19:53:34] SUMMARY: _OceanofPDF.com_Industrial_IoT_and_Advanced_Techniques_-_Kanak_Kalita.pdf
[2026-03-19 19:55:20] SUMMARY: _OceanofPDF.com_LIFE_OF_AI__A_Complete_Guide_2020_Beginne_-_WILLIAM_KRYSTAL.pdf
[2026-03-19 20:06:46] Found 195 total PDFs
[2026-03-19 20:06:46] TEXT: _OceanofPDF.com_Introduction_to_full_stack_web_development_-_Emanuele_Panizzi.pdf
[2026-03-19 20:06:50] TEXT: _OceanofPDF.com_Security_and_Privacy_for_6G_Massive_IoT_-_Georgios_Mantas.pdf
[2026-03-19 20:06:56] TEXT: _OceanofPDF.com_The_ESP32_IoT_Bible_Android_Programming_-_Sanji_Nakamoto.pdf
[2026-03-19 20:06:57] SUMMARY: _OceanofPDF.com_LIFE_OF_AI__A_Complete_Guide_2020_Beginne_-_WILLIAM_KRYSTAL.pdf
[2026-03-19 20:09:17] SUMMARY: _OceanofPDF.com_Integration_of_Cloud_Computing_and_IoT_-_Prabh_Deep_Singh.pdf
[2026-03-19 20:10:47] === PROGRESS: 165/195 text, 87/195 summarized, 2 errors ===
[2026-03-19 20:34:20] Found 195 total PDFs
[2026-03-19 20:34:20] TEXT: _OceanofPDF.com_Full-Stack_React_Projects_-_Shama_Hoque.pdf
[2026-03-19 20:34:28] TEXT: _OceanofPDF.com_Explainable_IoT_Applications_-_Sachi_Nandan_Mohanty.pdf
[2026-03-19 20:34:35] TEXT: _OceanofPDF.com_Fun_with_Raspberry_Pi_A_practical_guide_-_Joaquin_Salgado.pdf
[2026-03-19 20:34:38] SUMMARY: _OceanofPDF.com_Cellular_IoT_From_5G_to_5G_Advanced_-_Olof_Liberg.pdf
[2026-03-19 20:35:53] SUMMARY: _OceanofPDF.com_Internet_of_Things_IoT_-_Luis_M_Camarinha-Matos.pdf
[2026-03-19 20:44:05] Found 195 total PDFs
[2026-03-19 20:44:05] TEXT: _OceanofPDF.com_Mastering_ESP32_with_Arduino_IDE_Cookbook_-_Furuta_Kimiko.pdf
[2026-03-19 20:44:07] TEXT: _OceanofPDF.com_AWS_IoT_With_Edge_ML_and_Cybersecurity_-_Syed_Rehan.pdf
[2026-03-19 20:44:11] TEXT: _OceanofPDF.com_Mastering_ROS2_and_Python_for_Robotics_-_Thompson_Carter.pdf
[2026-03-19 20:44:20] SUMMARY: _OceanofPDF.com_Internet_of_Things_IoT_-_Luis_M_Camarinha-Matos.pdf
[2026-03-19 20:45:51] SUMMARY: _OceanofPDF.com_Learning_Algorithms_for_IoT_-_GR_Kanagachidambaresan.pdf
[2026-03-19 20:46:59] === PROGRESS: 171/195 text, 90/195 summarized, 2 errors ===
[2026-03-19 20:53:05] Found 195 total PDFs
[2026-03-19 20:53:05] TEXT: _OceanofPDF.com_Mastering_ROS_for_Robotics_Programming_2e_-_Lentin_Joseph.pdf
[2026-03-19 20:53:10] TEXT: _OceanofPDF.com_Robot_Operating_System_ROS_Volume_7_-_Anis_Koubaa.pdf
[2026-03-19 20:53:16] TEXT: _OceanofPDF.com_Coding_Android_Apps_-_Margaret_Kozak_Polk-1.pdf
[2026-03-19 20:53:22] SUMMARY: _OceanofPDF.com_100_Essential_ESP32_IOT_Projects_-_Roronoa_Hatake.pdf
[2026-03-19 20:54:44] SUMMARY: _OceanofPDF.com_Video_Data_Analytics_for_Smart_City_Applications_-_Abhishek_Singh_Rathore.pdf
[2026-03-19 20:55:17] Found 195 total PDFs
[2026-03-19 20:55:17] TEXT: _OceanofPDF.com_Android_Programming_Made_Simple_-_Mark_Stokes.pdf
[2026-03-19 20:55:17] ERROR extracting: /media/tony/Drive2/Android/_OceanofPDF.com_Android_Programming_Made_Simple_-_Mark_Stokes.pdf
[2026-03-19 20:55:17] TEXT: _OceanofPDF.com_Arduino_Android_Blueprints_-_Marco_Schwartz.pdf
[2026-03-19 20:55:19] TEXT: _OceanofPDF.com_Java_for_Android_-_Budi_Kurniawan.pdf
[2026-03-19 20:55:34] TEXT: _OceanofPDF.com_Android_Programming__The_Big_Nerd_Ranch_Gu_-_Kristin_Marsicano.pdf
[2026-03-19 20:56:08] SUMMARY: _OceanofPDF.com_Video_Data_Analytics_for_Smart_City_Applications_-_Abhishek_Singh_Rathore.pdf
[2026-03-19 20:58:26] Found 195 total PDFs
[2026-03-19 20:58:26] TEXT: _OceanofPDF.com_Efficient_Android_Coding_with_Kotlin_-_Onyx_Rose.pdf
[2026-03-19 20:58:36] TEXT: _OceanofPDF.com_Coding_Android_Apps_-_Margaret_Kozak_Polk.pdf
[2026-03-19 20:58:42] TEXT: _OceanofPDF.com_Professional_Android_Wearables_-_David_Cuartielles_Ruiz.pdf
[2026-03-19 20:58:46] SUMMARY: _OceanofPDF.com_Video_Data_Analytics_for_Smart_City_Applications_-_Abhishek_Singh_Rathore.pdf
[2026-03-19 21:00:51] SUMMARY: _OceanofPDF.com_IoT_Fundamentals_with_a_Practical_Approach_-_Neera_Batra.pdf
[2026-03-19 21:02:12] === PROGRESS: 180/195 text, 93/195 summarized, 3 errors ===
[2026-03-19 21:02:50] Found 195 total PDFs
[2026-03-19 21:02:50] TEXT: _OceanofPDF.com_Beginning_Android_Wearables_-_Andres_Calvo.pdf
[2026-03-19 21:02:54] TEXT: _OceanofPDF.com_Exploring_SE_for_Android_-_William_Confer.pdf
[2026-03-19 21:02:56] TEXT: _OceanofPDF.com_EXPLORE_ESP32_MICROPYTHON_-_Akira_Shiro.pdf
[2026-03-19 21:02:58] SUMMARY: _OceanofPDF.com_Security_and_Privacy_for_6G_Massive_IoT_-_Georgios_Mantas.pdf
[2026-03-19 21:25:54] Found 195 total PDFs
[2026-03-19 21:25:54] TEXT: _OceanofPDF.com_The_Android_Hackers_Handbook_-_Joshua_J_Drake.pdf
[2026-03-19 21:26:07] TEXT: _OceanofPDF.com_Android_Studio_Essentials_-_Belen_Cruz_Zapata.pdf
[2026-03-19 21:26:09] TEXT: _OceanofPDF.com_Android_Security_Cookbook_-_Keith_Makan.pdf
[2026-03-19 21:26:13] SUMMARY: _OceanofPDF.com_Security_and_Privacy_for_6G_Massive_IoT_-_Georgios_Mantas.pdf
[2026-03-19 21:27:55] SUMMARY: _OceanofPDF.com_The_ESP32_IoT_Bible_Android_Programming_-_Sanji_Nakamoto.pdf
[2026-03-19 21:29:22] === PROGRESS: 186/195 text, 95/195 summarized, 3 errors ===
[2026-03-19 21:32:30] Found 195 total PDFs
[2026-03-19 21:32:30] TEXT: _OceanofPDF.com_Android_For_Dummies_-_Dan_Gookin.pdf
[2026-03-19 21:32:37] TEXT: _OceanofPDF.com_Android_Quick_APIs_Reference_-_Onur_Cinar.pdf
[2026-03-19 21:32:39] TEXT: _OceanofPDF.com_Android_App_Development_-_Dogan_Ibrahim.pdf
[2026-03-19 21:32:47] SUMMARY: _OceanofPDF.com_Explainable_IoT_Applications_-_Sachi_Nandan_Mohanty.pdf
[2026-03-19 21:33:49] SUMMARY: _OceanofPDF.com_Fun_with_Raspberry_Pi_A_practical_guide_-_Joaquin_Salgado.pdf
[2026-03-19 21:35:13] === PROGRESS: 189/195 text, 97/195 summarized, 3 errors ===
[2026-03-19 21:43:45] Found 195 total PDFs
[2026-03-19 21:43:45] TEXT: _OceanofPDF.com_Hacking_Android_-_Terry_D_Clark.pdf
[2026-03-19 21:43:47] TEXT: _OceanofPDF.com_Pro_Android_Games_-_Massimo_Nardone.pdf
[2026-03-19 21:43:51] SUMMARY: _OceanofPDF.com_Mastering_ESP32_with_Arduino_IDE_Cookbook_-_Furuta_Kimiko.pdf
[2026-03-19 21:45:13] SUMMARY: _OceanofPDF.com_AWS_IoT_With_Edge_ML_and_Cybersecurity_-_Syed_Rehan.pdf
[2026-03-19 21:46:41] === PROGRESS: 191/195 text, 99/195 summarized, 3 errors ===
[2026-03-19 21:52:56] Found 195 total PDFs
[2026-03-19 21:52:56] SUMMARY: _OceanofPDF.com_Learning_Techniques_for_the_IoT_-_Praveen_Kumar_Donta.pdf
[2026-03-19 21:54:36] SUMMARY: _OceanofPDF.com_Secure_Edge_Computing_for_IoT_-_Oluyemi_James_Odeyinka.pdf
[2026-03-19 21:55:57] === PROGRESS: 191/195 text, 101/195 summarized, 3 errors ===
[2026-03-19 22:05:22] Found 195 total PDFs
[2026-03-19 22:05:22] SUMMARY: _OceanofPDF.com_Practical_IoT_Hacking_-_Fotios_Chantzis.pdf
[2026-03-19 22:06:14] Found 195 total PDFs
[2026-03-19 22:06:14] SUMMARY: _OceanofPDF.com_Practical_IoT_Hacking_-_Fotios_Chantzis.pdf
[2026-03-19 22:07:07] SUMMARY: _OceanofPDF.com_Home_Appliance_Hack-and-IoT_Guidebook_-_Hans_Henrik_Skovgaard.pdf
[2026-03-19 22:08:24] ERROR summarizing: /media/tony/Drive2/Full_Stack_Dev/_OceanofPDF.com_Practical_IoT_Hacking_-_Fotios_Chantzis.pdf
[2026-03-19 22:08:24] SUMMARY: _OceanofPDF.com_Home_Appliance_Hack-and-IoT_Guidebook_-_Hans_Henrik_Skovgaard.pdf
[2026-03-19 22:09:18] ERROR summarizing: /media/tony/Drive2/Full_Stack_Dev/_OceanofPDF.com_Home_Appliance_Hack-and-IoT_Guidebook_-_Hans_Henrik_Skovgaard.pdf
[2026-03-19 22:09:18] SUMMARY: _OceanofPDF.com_AI_and_ML-Driven_Cybersecurity_with_Python_-_Atdhe_Buja.pdf
[2026-03-19 22:10:33] SUMMARY: _OceanofPDF.com_AI_and_ML-Driven_Cybersecurity_with_Python_-_Atdhe_Buja.pdf
[2026-03-19 22:11:20] ERROR summarizing: /media/tony/Drive2/Full_Stack_Dev/_OceanofPDF.com_AI_and_ML-Driven_Cybersecurity_with_Python_-_Atdhe_Buja.pdf
[2026-03-19 22:11:20] SUMMARY: _OceanofPDF.com_JavaScript_from_Frontend_to_Backend_-_Eric_Sarrion.pdf
[2026-03-19 22:12:35] ERROR summarizing: /media/tony/Drive2/Full_Stack_Dev/_OceanofPDF.com_AI_and_ML-Driven_Cybersecurity_with_Python_-_Atdhe_Buja.pdf
[2026-03-19 22:12:35] SUMMARY: _OceanofPDF.com_JavaScript_from_Frontend_to_Backend_-_Eric_Sarrion.pdf
[2026-03-19 22:13:28] ERROR summarizing: /media/tony/Drive2/Full_Stack_Dev/_OceanofPDF.com_JavaScript_from_Frontend_to_Backend_-_Eric_Sarrion.pdf
[2026-03-19 22:13:28] SUMMARY: _OceanofPDF.com_Proceedings_of_3rd_International_Conference_on_Recent_Trends_in_Machine_Learning_IoT_Smart_Cities_and_Applications_ICMISC_2022_-_Vinit_Kumar_Gunjan.pdf
[2026-03-19 22:14:25] SUMMARY: _OceanofPDF.com_Proceedings_of_3rd_International_Conference_on_Recent_Trends_in_Machine_Learning_IoT_Smart_Cities_and_Applications_ICMISC_2022_-_Vinit_Kumar_Gunjan.pdf
[2026-03-19 22:16:33] ERROR summarizing: /media/tony/Drive2/Full_Stack_Dev/_OceanofPDF.com_Proceedings_of_3rd_International_Conference_on_Recent_Trends_in_Machine_Learning_IoT_Smart_Cities_and_Applications_ICMISC_2022_-_Vinit_Kumar_Gunjan.pdf
[2026-03-19 22:16:33] SUMMARY: _OceanofPDF.com_IoT_Fundamentals_-_David_Hanes_Gonzalo_Salgueiro.pdf
[2026-03-19 22:17:56] SUMMARY: _OceanofPDF.com_Introduction_to_Internet_of_Things_IoT_-_Ahmed_Banafa.pdf
[2026-03-19 22:19:21] SUMMARY: _OceanofPDF.com_Artificial_Intelligence_Big_Data_and_IoT_-_Rajesh_Singh.pdf
[2026-03-19 22:22:43] SUMMARY: _OceanofPDF.com_Full_StackDjango_and_React_-_Kolawole_Mangabo.pdf
[2026-03-19 22:24:00] SUMMARY: _OceanofPDF.com_Mastering_Full-Stack_React_Web_Development_-_Tomasz_Dyl_Kamil_Przeorski_and_Maciej_Czarnecki.pdf
[2026-03-19 22:25:19] SUMMARY: _OceanofPDF.com_Network_Optimization_in_Intelligent_IoT_-_Payal_Khurana_Batra.pdf
[2026-03-19 22:26:52] SUMMARY: _OceanofPDF.com_Mastering_IoT_For_Industrial_Environments_-_Shrey_Sharma.pdf
[2026-03-19 22:28:21] SUMMARY: _OceanofPDF.com_Raspberry_Pi_Full_Stack_-_Peter_Dalmaris.pdf
[2026-03-19 22:28:55] Found 195 total PDFs
[2026-03-19 22:28:55] SUMMARY: _OceanofPDF.com_Raspberry_Pi_Full_Stack_-_Peter_Dalmaris.pdf
[2026-03-19 22:29:55] === PROGRESS: 191/195 text, 111/195 summarized, 6 errors ===
[2026-03-19 22:31:03] ERROR summarizing: /media/tony/Drive2/Full_Stack_Dev/_OceanofPDF.com_Raspberry_Pi_Full_Stack_-_Peter_Dalmaris.pdf
[2026-03-19 22:31:03] SUMMARY: _OceanofPDF.com_Internet_of_Things_for_Architects_-_Perry_Lea.pdf
[2026-03-19 22:32:30] SUMMARY: _OceanofPDF.com_Optimising_IoT_Networks_-_Suvarna_Patil.pdf
[2026-03-19 22:33:54] SUMMARY: _OceanofPDF.com_Essential_ASPNET_Web_Forms_Development_-_Robert_E_Beasley.pdf
[2026-03-19 22:35:24] SUMMARY: _OceanofPDF.com_DevOps_for_Trustworthy_Smart_IoT_Systems_-_Nicolas_Ferry.pdf
[2026-03-19 22:37:18] SUMMARY: _OceanofPDF.com_MEAN_Stack_Web_Development_-_Theophilus_Edet.pdf
[2026-03-19 22:37:37] SUMMARY: _OceanofPDF.com_Full_Stack_Web_Development_-_Philip_Ackermann.pdf
[2026-03-19 22:39:49] ERROR summarizing: /media/tony/Drive2/Full_Stack_Dev/_OceanofPDF.com_Full_Stack_Web_Development_-_Philip_Ackermann.pdf
[2026-03-19 22:39:49] SUMMARY: _OceanofPDF.com_An_Introduction_to_IoT_Analytics_-_Harry_G_Perros.pdf
[2026-03-19 22:41:13] SUMMARY: _OceanofPDF.com_Introduction_to_Cybersecurity_in_the_IoT_-_Keke_Gai.pdf
[2026-03-19 22:42:49] SUMMARY: _OceanofPDF.com_Antennas_for_IoT_-_Prutha_P_Kulkarni.pdf
[2026-03-19 22:44:30] SUMMARY: _OceanofPDF.com_Beginning_MicroPython_with_Raspberry_Pi_Pico_-_Charles_Bell.pdf
[2026-03-19 22:45:48] SUMMARY: _OceanofPDF.com_ESP32_Arduino_Programming_Essentials_-_Sarful_Hassan.pdf
[2026-03-19 22:47:24] === PROGRESS: 191/195 text, 120/195 summarized, 8 errors ===
[2026-03-19 22:50:19] Found 195 total PDFs
[2026-03-19 22:50:19] SUMMARY: _OceanofPDF.com_Mastering_ESP32_with_Arduino_IDE_Cookbook_-_Furuta_Kimiko-1.pdf
[2026-03-19 22:51:30] SUMMARY: _OceanofPDF.com_Python_Flask_and_Django_-_Emenwa_Global.pdf
[2026-03-19 23:10:42] Found 195 total PDFs
[2026-03-19 23:10:42] SUMMARY: _OceanofPDF.com_Python_Flask_and_Django_-_Emenwa_Global.pdf
[2026-03-19 23:12:14] SUMMARY: _OceanofPDF.com_Python_Programming_Recipes_for_IoT_-_Jivan_S_Parab.pdf
[2026-03-19 23:13:46] SUMMARY: _OceanofPDF.com_Full_Stack_Web_Development_with_Django_-_Olatunde_Adedeji.pdf
[2026-03-19 23:15:07] SUMMARY: _OceanofPDF.com_Full-Stack_Web_Development_with_Go_-_Nanik_Tolaram.pdf
[2026-03-19 23:24:39] Found 195 total PDFs
[2026-03-19 23:24:39] SUMMARY: _OceanofPDF.com_Full-Stack_Web_Development_with_Go_-_Nanik_Tolaram.pdf
[2026-03-19 23:26:04] SUMMARY: _OceanofPDF.com_Python_Programming_Handbook_For_IoT_Development_-_Hazel_Mackay.pdf
[2026-03-19 23:26:49] Found 195 total PDFs
[2026-03-19 23:26:49] SUMMARY: _OceanofPDF.com_Python_Programming_Handbook_For_IoT_Development_-_Hazel_Mackay.pdf
[2026-03-19 23:28:38] SUMMARY: _OceanofPDF.com_Fostering_ML_and_IoT_for_Blockchain_-_Khaleel_Ahmad.pdf
[2026-03-19 23:30:20] SUMMARY: _OceanofPDF.com_IoT-enabled_Sensor_Networks_Architecture_-_Samayveer_Singh.pdf
[2026-03-19 23:32:52] SUMMARY: _OceanofPDF.com_CrateDB_for_IoT_and_Machine_Data_-_William_Smith.pdf
[2026-03-19 23:34:22] SUMMARY: _OceanofPDF.com_Computer_Vision_Image_Generation_and_IoT_AI_-_Et_Tu_Code.pdf
[2026-03-19 23:35:43] SUMMARY: _OceanofPDF.com_Artificial_Intelligence_IOT_and_machine_L_-_Praveen_Donepudi.pdf
[2026-03-19 23:35:54] ERROR summarizing: /media/tony/Drive2/Full_Stack_Dev/_OceanofPDF.com_Artificial_Intelligence_IOT_and_machine_L_-_Praveen_Donepudi.pdf
[2026-03-19 23:35:54] SUMMARY: _OceanofPDF.com_Raspberry_Pi_Projects_IoT_and_Home_Automation_-_STEM_School.pdf
[2026-03-19 23:35:55] ERROR summarizing: /media/tony/Drive2/Full_Stack_Dev/_OceanofPDF.com_Raspberry_Pi_Projects_IoT_and_Home_Automation_-_STEM_School.pdf
[2026-03-19 23:35:55] SUMMARY: _OceanofPDF.com_Hands-On_Full_Stack_Development_with_Spring_Boot_20_and_React_-_Juha_Hinkula.pdf
[2026-03-19 23:54:52] Found 195 total PDFs
[2026-03-19 23:54:52] SUMMARY: _OceanofPDF.com_Hands-On_Full_Stack_Development_with_Spring_Boot_20_and_React_-_Juha_Hinkula.pdf
[2026-03-19 23:54:57] SUMMARY: _OceanofPDF.com_Developing_IoT_Projects_with_ESP32_-_Vedat_Ozan_Oner.pdf
[2026-03-19 23:54:59] SUMMARY: _OceanofPDF.com_The_Complete_Guide_To_Esp32_And_Arduino_-_Roronoa_Hatake.pdf
[2026-03-19 23:55:00] SUMMARY: _OceanofPDF.com_IoT_Projects_with_NVIDIA_Jetson_Nano_-_Agus_Kurniawan.pdf
[2026-03-19 23:55:01] SUMMARY: _OceanofPDF.com_Python_Programming_Workbook_-_Alex_J_Collins.pdf
[2026-03-19 23:55:03] SUMMARY: _OceanofPDF.com_Mastering_AI_App_Development_with_MERN_Stack_-_Anik_Acharjee.pdf
[2026-03-19 23:55:10] SUMMARY: _OceanofPDF.com_EXPLORE_ESP32_MICROPYTHON_-_Akira_Shiro.pdf
[2026-03-19 23:55:11] SUMMARY: _OceanofPDF.com_Mastering_The_Esp32_IOT_Projects_With_Arduino_-_Mikasa_Mizuki.pdf
[2026-03-19 23:55:12] SUMMARY: _OceanofPDF.com_ASPNET_Core_6_and_Angular_-_Valerio_De_Sanctis.pdf
[2026-03-19 23:55:29] SUMMARY: _OceanofPDF.com_Data_Privacy_-_Walter_Rocchi.pdf
[2026-03-19 23:55:36] === PROGRESS: 191/195 text, 140/195 summarized, 10 errors ===
[2026-03-20 00:36:33] Found 195 total PDFs
[2026-03-20 00:36:33] SUMMARY: _OceanofPDF.com_System_Design_Using_the_IoT_with_DL_-_Arpan_Deyasi.pdf
[2026-03-20 00:36:37] SUMMARY: _OceanofPDF.com_Practical_Python_Programming_for_IoT_-_Gary_Smart.pdf
[2026-03-20 00:36:46] SUMMARY: _OceanofPDF.com_Hands-On_AI_for_IoT_2nd_Edition_-_Dr_Amita_Kapoor.pdf
[2026-03-20 00:37:25] SUMMARY: _OceanofPDF.com_Smart_Infrastructures_in_the_IoT_Era_-_Fadi_Al-Turjman.pdf
[2026-03-20 00:37:51] SUMMARY: _OceanofPDF.com_IoT_Signal_Detection_-_Rui_Han.pdf
[2026-03-20 00:37:55] SUMMARY: _OceanofPDF.com_MERN_Stack_Web_Development_For_Beginners_-_Nathan_Sebhastian.pdf
[2026-03-20 00:37:59] SUMMARY: _OceanofPDF.com_Industrial_IoT_and_Advanced_Techniques_-_Kanak_Kalita.pdf
[2026-03-20 00:38:14] SUMMARY: _OceanofPDF.com_LIFE_OF_AI__A_Complete_Guide_2020_Beginne_-_WILLIAM_KRYSTAL.pdf
[2026-03-20 00:38:57] SUMMARY: _OceanofPDF.com_Integration_of_Cloud_Computing_and_IoT_-_Prabh_Deep_Singh.pdf
[2026-03-20 00:39:17] SUMMARY: _OceanofPDF.com_Hands-On_Full-Stack_Web_Development_with_G_-_Sebastian_Grebe.pdf
[2026-03-20 00:39:28] === PROGRESS: 191/195 text, 150/195 summarized, 10 errors ===
[2026-03-20 01:19:13] Found 195 total PDFs
[2026-03-20 01:19:13] SUMMARY: _OceanofPDF.com_Cellular_IoT_From_5G_to_5G_Advanced_-_Olof_Liberg.pdf
[2026-03-20 01:19:19] SUMMARY: _OceanofPDF.com_Internet_of_Things_IoT_-_Luis_M_Camarinha-Matos.pdf
[2026-03-20 01:19:34] SUMMARY: _OceanofPDF.com_Learning_Algorithms_for_IoT_-_GR_Kanagachidambaresan.pdf
[2026-03-20 01:19:37] SUMMARY: _OceanofPDF.com_100_Essential_ESP32_IOT_Projects_-_Roronoa_Hatake.pdf
[2026-03-20 01:19:38] SUMMARY: _OceanofPDF.com_Video_Data_Analytics_for_Smart_City_Applications_-_Abhishek_Singh_Rathore.pdf
[2026-03-20 01:20:55] SUMMARY: _OceanofPDF.com_IoT_Fundamentals_with_a_Practical_Approach_-_Neera_Batra.pdf
[2026-03-20 01:20:58] SUMMARY: _OceanofPDF.com_Introduction_to_full_stack_web_development_-_Emanuele_Panizzi.pdf
[2026-03-20 01:21:02] SUMMARY: _OceanofPDF.com_Security_and_Privacy_for_6G_Massive_IoT_-_Georgios_Mantas.pdf
[2026-03-20 01:21:09] SUMMARY: _OceanofPDF.com_The_ESP32_IoT_Bible_Android_Programming_-_Sanji_Nakamoto.pdf
[2026-03-20 01:21:10] SUMMARY: _OceanofPDF.com_Full-Stack_React_Projects_-_Shama_Hoque.pdf
[2026-03-20 01:21:19] === PROGRESS: 191/195 text, 160/195 summarized, 10 errors ===
[2026-03-20 01:36:45] Found 195 total PDFs
[2026-03-20 01:36:45] SUMMARY: _OceanofPDF.com_Explainable_IoT_Applications_-_Sachi_Nandan_Mohanty.pdf
[2026-03-20 01:36:52] SUMMARY: _OceanofPDF.com_Fun_with_Raspberry_Pi_A_practical_guide_-_Joaquin_Salgado.pdf
[2026-03-20 01:36:56] SUMMARY: _OceanofPDF.com_Mastering_ESP32_with_Arduino_IDE_Cookbook_-_Furuta_Kimiko.pdf
[2026-03-20 01:36:59] SUMMARY: _OceanofPDF.com_AWS_IoT_With_Edge_ML_and_Cybersecurity_-_Syed_Rehan.pdf
[2026-03-20 01:37:03] SUMMARY: _OceanofPDF.com_Mastering_ROS2_and_Python_for_Robotics_-_Thompson_Carter.pdf
[2026-03-20 01:37:13] SUMMARY: _OceanofPDF.com_Mastering_ROS_for_Robotics_Programming_2e_-_Lentin_Joseph.pdf
[2026-03-20 01:37:19] SUMMARY: _OceanofPDF.com_Robot_Operating_System_ROS_Volume_7_-_Anis_Koubaa.pdf
[2026-03-20 01:37:24] SUMMARY: _OceanofPDF.com_Coding_Android_Apps_-_Margaret_Kozak_Polk-1.pdf
[2026-03-20 01:37:31] SUMMARY: _OceanofPDF.com_Arduino_Android_Blueprints_-_Marco_Schwartz.pdf
[2026-03-20 01:37:33] SUMMARY: _OceanofPDF.com_Java_for_Android_-_Budi_Kurniawan.pdf
[2026-03-20 01:37:48] === PROGRESS: 191/195 text, 170/195 summarized, 10 errors ===
[2026-03-20 01:42:01] Found 195 total PDFs
[2026-03-20 01:42:01] SUMMARY: _OceanofPDF.com_Android_Programming__The_Big_Nerd_Ranch_Gu_-_Kristin_Marsicano.pdf
[2026-03-20 01:42:36] SUMMARY: _OceanofPDF.com_Efficient_Android_Coding_with_Kotlin_-_Onyx_Rose.pdf
[2026-03-20 01:42:46] SUMMARY: _OceanofPDF.com_Coding_Android_Apps_-_Margaret_Kozak_Polk.pdf
[2026-03-20 01:42:52] SUMMARY: _OceanofPDF.com_Professional_Android_Wearables_-_David_Cuartielles_Ruiz.pdf
[2026-03-20 01:42:56] SUMMARY: _OceanofPDF.com_Beginning_Android_Wearables_-_Andres_Calvo.pdf
[2026-03-20 01:43:01] SUMMARY: _OceanofPDF.com_Exploring_SE_for_Android_-_William_Confer.pdf
[2026-03-20 01:43:03] SUMMARY: _OceanofPDF.com_EXPLORE_ESP32_MICROPYTHON_-_Akira_Shiro.pdf
[2026-03-20 01:43:05] SUMMARY: _OceanofPDF.com_The_Android_Hackers_Handbook_-_Joshua_J_Drake.pdf
[2026-03-20 01:43:20] SUMMARY: _OceanofPDF.com_Android_Studio_Essentials_-_Belen_Cruz_Zapata.pdf
[2026-03-20 01:43:22] SUMMARY: _OceanofPDF.com_Android_Security_Cookbook_-_Keith_Makan.pdf
[2026-03-20 01:43:27] === PROGRESS: 191/195 text, 180/195 summarized, 10 errors ===
[2026-03-20 01:56:50] Found 195 total PDFs
[2026-03-20 01:56:50] SUMMARY: _OceanofPDF.com_Android_For_Dummies_-_Dan_Gookin.pdf
[2026-03-20 01:56:58] SUMMARY: _OceanofPDF.com_Android_Quick_APIs_Reference_-_Onur_Cinar.pdf
[2026-03-20 01:57:00] SUMMARY: _OceanofPDF.com_Android_App_Development_-_Dogan_Ibrahim.pdf
[2026-03-20 01:57:08] SUMMARY: _OceanofPDF.com_Hacking_Android_-_Terry_D_Clark.pdf
[2026-03-20 01:57:11] SUMMARY: _OceanofPDF.com_Pro_Android_Games_-_Massimo_Nardone.pdf
[2026-03-20 01:57:14] === PROGRESS: 191/195 text, 185/195 summarized, 10 errors ===
[2026-03-20 02:22:44] Found 195 total PDFs
[2026-03-20 02:22:44] === PROGRESS: 191/195 text, 185/195 summarized, 10 errors ===
[2026-03-20 02:36:12] Found 195 total PDFs
[2026-03-20 02:36:12] === PROGRESS: 191/195 text, 185/195 summarized, 10 errors ===
[2026-03-20 03:06:26] Found 195 total PDFs
[2026-03-20 03:06:26] === PROGRESS: 191/195 text, 185/195 summarized, 10 errors ===
[2026-03-20 03:49:25] Found 195 total PDFs
[2026-03-20 03:49:25] === PROGRESS: 191/195 text, 185/195 summarized, 10 errors ===
[2026-03-20 04:30:18] Found 195 total PDFs
[2026-03-20 04:30:18] === PROGRESS: 191/195 text, 185/195 summarized, 10 errors ===
[2026-03-20 04:44:27] Found 195 total PDFs
[2026-03-20 04:44:27] === PROGRESS: 191/195 text, 185/195 summarized, 10 errors ===
[2026-03-20 04:52:29] Found 195 total PDFs
[2026-03-20 04:52:29] === PROGRESS: 191/195 text, 185/195 summarized, 10 errors ===
[2026-03-20 05:04:27] Found 195 total PDFs
[2026-03-20 05:04:27] === PROGRESS: 191/195 text, 185/195 summarized, 10 errors ===
[2026-03-20 05:21:38] Found 195 total PDFs
[2026-03-20 05:21:38] === PROGRESS: 191/195 text, 185/195 summarized, 10 errors ===
[2026-03-20 05:35:31] Found 195 total PDFs
[2026-03-20 05:35:31] === PROGRESS: 191/195 text, 185/195 summarized, 10 errors ===
[2026-03-20 05:47:38] Found 195 total PDFs
[2026-03-20 05:47:38] === PROGRESS: 191/195 text, 185/195 summarized, 10 errors ===
[2026-03-20 05:52:15] Found 195 total PDFs
[2026-03-20 05:52:15] === PROGRESS: 191/195 text, 185/195 summarized, 10 errors ===
[2026-03-20 06:05:15] Found 195 total PDFs
[2026-03-20 06:05:15] === PROGRESS: 191/195 text, 185/195 summarized, 10 errors ===
[2026-03-20 06:22:56] Found 195 total PDFs
[2026-03-20 06:22:56] === PROGRESS: 191/195 text, 185/195 summarized, 10 errors ===
[2026-03-20 06:34:37] Found 195 total PDFs
[2026-03-20 06:34:37] === PROGRESS: 191/195 text, 185/195 summarized, 10 errors ===
[2026-03-20 06:45:45] Found 195 total PDFs
[2026-03-20 06:45:45] === PROGRESS: 191/195 text, 185/195 summarized, 10 errors ===
[2026-03-20 06:51:52] Found 195 total PDFs
[2026-03-20 06:51:52] === PROGRESS: 191/195 text, 185/195 summarized, 10 errors ===
[2026-03-20 07:05:27] Found 195 total PDFs
[2026-03-20 07:05:27] === PROGRESS: 191/195 text, 185/195 summarized, 10 errors ===
[2026-03-20 07:24:27] Found 195 total PDFs
[2026-03-20 07:24:27] === PROGRESS: 191/195 text, 185/195 summarized, 10 errors ===
[2026-03-20 07:36:36] Found 195 total PDFs
[2026-03-20 07:36:36] === PROGRESS: 191/195 text, 185/195 summarized, 10 errors ===
[2026-03-20 07:41:47] Found 195 total PDFs
[2026-03-20 07:41:47] === PROGRESS: 191/195 text, 185/195 summarized, 10 errors ===
[2026-03-20 07:51:32] Found 195 total PDFs
[2026-03-20 07:51:32] === PROGRESS: 191/195 text, 185/195 summarized, 10 errors ===
[2026-03-20 08:04:12] Found 195 total PDFs
[2026-03-20 08:04:12] === PROGRESS: 191/195 text, 185/195 summarized, 10 errors ===
[2026-03-20 08:29:00] Found 195 total PDFs
[2026-03-20 08:29:00] === PROGRESS: 191/195 text, 185/195 summarized, 10 errors ===
[2026-03-20 08:30:31] Found 278 total PDFs
[2026-03-20 08:30:31] TEXT: _OceanofPDF.com_Getting_Started_with_FPGAs_-_Russell_Merrick.pdf
[2026-03-20 08:30:36] ERROR extracting: /media/tony/Drive2/FPGA/_OceanofPDF.com_Getting_Started_with_FPGAs_-_Russell_Merrick.pdf
[2026-03-20 08:30:36] TEXT: _OceanofPDF.com_Synthesizable_VHDL_Design_for_FPGAs_-_Eduardo_Augusto_Bezerra.pdf
[2026-03-20 08:30:38] ERROR extracting: /media/tony/Drive2/FPGA/_OceanofPDF.com_Synthesizable_VHDL_Design_for_FPGAs_-_Eduardo_Augusto_Bezerra.pdf
[2026-03-20 08:30:38] TEXT: _OceanofPDF.com_Verilog_Frequently_Asked_Questions_-_Shivakumar_Chonnad.pdf
[2026-03-20 08:30:40] ERROR extracting: /media/tony/Drive2/FPGA/_OceanofPDF.com_Verilog_Frequently_Asked_Questions_-_Shivakumar_Chonnad.pdf
[2026-03-20 08:30:40] TEXT: _OceanofPDF.com_Fundamentals_of_Digital_Logic_with_VHDL_Design_-_Stephen_Brown.pdf
[2026-03-20 08:31:24] ERROR extracting: /media/tony/Drive2/FPGA/_OceanofPDF.com_Fundamentals_of_Digital_Logic_with_VHDL_Design_-_Stephen_Brown.pdf
[2026-03-20 08:31:24] TEXT: _OceanofPDF.com_Mastering_Verilog_for_FPGA_Design_-_Majid_Pakdel.pdf
[2026-03-20 08:31:27] ERROR extracting: /media/tony/Drive2/FPGA/_OceanofPDF.com_Mastering_Verilog_for_FPGA_Design_-_Majid_Pakdel.pdf
[2026-03-20 08:31:27] TEXT: _OceanofPDF.com_Digital_Electronics_and_Design_with_VHDL_-_Volnei_A_Pedroni.pdf
[2026-03-20 08:31:43] ERROR extracting: /media/tony/Drive2/FPGA/_OceanofPDF.com_Digital_Electronics_and_Design_with_VHDL_-_Volnei_A_Pedroni.pdf
[2026-03-20 08:31:43] TEXT: _OceanofPDF.com_Digital_Design_Using_VHDL_-_William_J_Dally.pdf
[2026-03-20 08:31:58] ERROR extracting: /media/tony/Drive2/FPGA/_OceanofPDF.com_Digital_Design_Using_VHDL_-_William_J_Dally.pdf
[2026-03-20 08:31:58] TEXT: _OceanofPDF.com_Computer_Architecture_Tutorial_Using_an_FP_-_Robert_Dunne.pdf
[2026-03-20 08:32:08] ERROR extracting: /media/tony/Drive2/FPGA/_OceanofPDF.com_Computer_Architecture_Tutorial_Using_an_FP_-_Robert_Dunne.pdf
[2026-03-20 08:32:08] TEXT: _OceanofPDF.com_Quick_Start_Guide_to_Verilog_-_Brock_J_LaMeres.pdf
[2026-03-20 08:32:12] ERROR extracting: /media/tony/Drive2/FPGA/_OceanofPDF.com_Quick_Start_Guide_to_Verilog_-_Brock_J_LaMeres.pdf
[2026-03-20 08:32:12] TEXT: _OceanofPDF.com_Fundamentals_of_VHDL_for_FPGA_Programming_-_Majid_Pakdel-1.pdf
[2026-03-20 08:32:20] ERROR extracting: /media/tony/Drive2/FPGA/_OceanofPDF.com_Fundamentals_of_VHDL_for_FPGA_Programming_-_Majid_Pakdel-1.pdf
[2026-03-20 08:32:20] TEXT: _OceanofPDF.com_Practical_Digital_Design_-_Bruce_Reidenbach.pdf
[2026-03-20 08:32:38] ERROR extracting: /media/tony/Drive2/FPGA/_OceanofPDF.com_Practical_Digital_Design_-_Bruce_Reidenbach.pdf
[2026-03-20 08:32:38] TEXT: _OceanofPDF.com_Introduction_to_Logic_Circuits_n_Logic_Des_-_Brock_J_LaMeres.pdf
[2026-03-20 08:32:46] ERROR extracting: /media/tony/Drive2/FPGA/_OceanofPDF.com_Introduction_to_Logic_Circuits_n_Logic_Des_-_Brock_J_LaMeres.pdf
[2026-03-20 08:32:46] TEXT: _OceanofPDF.com_Fundamentals_of_VHDL_for_FPGA_Programming_-_Majid_Pakdel.pdf
[2026-03-20 08:32:52] ERROR extracting: /media/tony/Drive2/FPGA/_OceanofPDF.com_Fundamentals_of_VHDL_for_FPGA_Programming_-_Majid_Pakdel.pdf
[2026-03-20 08:32:52] TEXT: _OceanofPDF.com_Verilog_HDL_-_Samir_Palnitkar.pdf
[2026-03-20 08:32:55] ERROR extracting: /media/tony/Drive2/FPGA/_OceanofPDF.com_Verilog_HDL_-_Samir_Palnitkar.pdf
[2026-03-20 08:32:55] TEXT: _OceanofPDF.com_State_Machines_using_VHDL_FPGA_Implementation_-_Orhan_Gazi.pdf
[2026-03-20 08:32:57] ERROR extracting: /media/tony/Drive2/FPGA/_OceanofPDF.com_State_Machines_using_VHDL_FPGA_Implementation_-_Orhan_Gazi.pdf
[2026-03-20 08:32:57] TEXT: _OceanofPDF.com_Digital_Logic_Circuits_With_VHDL_-_A_Nagoor_Kani.pdf
[2026-03-20 08:33:41] ERROR extracting: /media/tony/Drive2/FPGA/_OceanofPDF.com_Digital_Logic_Circuits_With_VHDL_-_A_Nagoor_Kani.pdf
[2026-03-20 08:33:41] TEXT: _OceanofPDF.com_FPGA_Programming_and_Hardware_Essentials_-_Dogan_Ibrahim.pdf
[2026-03-20 08:33:47] ERROR extracting: /media/tony/Drive2/FPGA/_OceanofPDF.com_FPGA_Programming_and_Hardware_Essentials_-_Dogan_Ibrahim.pdf
[2026-03-20 08:33:47] TEXT: _OceanofPDF.com_Getting_Started_with_FPGAs_-_Russell_Merrick-1.pdf
[2026-03-20 08:33:52] ERROR extracting: /media/tony/Drive2/FPGA/_OceanofPDF.com_Getting_Started_with_FPGAs_-_Russell_Merrick-1.pdf
[2026-03-20 08:33:52] TEXT: _OceanofPDF.com_Logic_Synthesis_and_SOC_Prototyping_-_Vaibbhav_Taraate.pdf
[2026-03-20 08:33:55] ERROR extracting: /media/tony/Drive2/FPGA/_OceanofPDF.com_Logic_Synthesis_and_SOC_Prototyping_-_Vaibbhav_Taraate.pdf
[2026-03-20 08:33:55] TEXT: _OceanofPDF.com_Ultimate_Firebase_for_iOS_-_Duong_Dinh_Bao_James_Thang.pdf
[2026-03-20 08:34:01] ERROR extracting: /media/tony/Drive2/IOS/_OceanofPDF.com_Ultimate_Firebase_for_iOS_-_Duong_Dinh_Bao_James_Thang.pdf
[2026-03-20 08:34:01] TEXT: _OceanofPDF.com_Take_Control_of_iOS_18_and_iPadOS_18_-_Josh_Centers.pdf
[2026-03-20 08:34:02] ERROR extracting: /media/tony/Drive2/IOS/_OceanofPDF.com_Take_Control_of_iOS_18_and_iPadOS_18_-_Josh_Centers.pdf
[2026-03-20 08:34:02] TEXT: _OceanofPDF.com_Build_IOS_Games_with_Sprite_Kit_-_Jonathan_Penn.pdf
[2026-03-20 08:34:06] ERROR extracting: /media/tony/Drive2/IOS/_OceanofPDF.com_Build_IOS_Games_with_Sprite_Kit_-_Jonathan_Penn.pdf
[2026-03-20 08:34:06] TEXT: _OceanofPDF.com_Penetration_Testing_with_Kali_-_Gerald_nquotTrippnquot_Roybal_III.pdf
[2026-03-20 08:34:10] ERROR extracting: /media/tony/Drive2/IOS/_OceanofPDF.com_Penetration_Testing_with_Kali_-_Gerald_nquotTrippnquot_Roybal_III.pdf
[2026-03-20 08:34:10] TEXT: _OceanofPDF.com_Program_the_Internet_of_Things_with_Swift_for_iOS_-_Ahmed_Bakir.pdf
[2026-03-20 08:34:17] ERROR extracting: /media/tony/Drive2/IOS/_OceanofPDF.com_Program_the_Internet_of_Things_with_Swift_for_iOS_-_Ahmed_Bakir.pdf
[2026-03-20 08:34:17] TEXT: _OceanofPDF.com_Instant_Passbook_App_Development_for_IOS_How-To_-_Keith_D_Moon.pdf
[2026-03-20 08:34:17] ERROR extracting: /media/tony/Drive2/IOS/_OceanofPDF.com_Instant_Passbook_App_Development_for_IOS_How-To_-_Keith_D_Moon.pdf
[2026-03-20 08:34:17] TEXT: _OceanofPDF.com_NET_MAUI_Projects_-_Sivaraj_Ambat.pdf
[2026-03-20 08:34:21] ERROR extracting: /media/tony/Drive2/IOS/_OceanofPDF.com_NET_MAUI_Projects_-_Sivaraj_Ambat.pdf
[2026-03-20 08:34:21] TEXT: _OceanofPDF.com_Learn_Spritebuilder_for_IOS_Game_Development_-_Steffen_Itterheim.pdf
[2026-03-20 08:34:27] ERROR extracting: /media/tony/Drive2/IOS/_OceanofPDF.com_Learn_Spritebuilder_for_IOS_Game_Development_-_Steffen_Itterheim.pdf
[2026-03-20 08:34:27] TEXT: _OceanofPDF.com_Mastering_SwiftUI_for_iOS_16_and_Xcode_14_-_Simon_Ng.pdf
[2026-03-20 08:34:58] ERROR extracting: /media/tony/Drive2/IOS/_OceanofPDF.com_Mastering_SwiftUI_for_iOS_16_and_Xcode_14_-_Simon_Ng.pdf
[2026-03-20 08:34:58] TEXT: _OceanofPDF.com_The_iPhone_iOS_17_Manual_-_August_2024_-_The_iPhone_iOS_17_Manual.pdf
[2026-03-20 08:34:59] ERROR extracting: /media/tony/Drive2/IOS/_OceanofPDF.com_The_iPhone_iOS_17_Manual_-_August_2024_-_The_iPhone_iOS_17_Manual.pdf
[2026-03-20 08:34:59] TEXT: _OceanofPDF.com_Programming_IOS_8_Dive_Deep_Into_Views_View_Controllers_-_Matt_Neuburg.pdf
[2026-03-20 08:35:08] ERROR extracting: /media/tony/Drive2/IOS/_OceanofPDF.com_Programming_IOS_8_Dive_Deep_Into_Views_View_Controllers_-_Matt_Neuburg.pdf
[2026-03-20 08:35:08] TEXT: _OceanofPDF.com_Building_Cross-Platform_Apps_with_Flutter_-_Deven_Joshi.pdf
[2026-03-20 08:35:13] ERROR extracting: /media/tony/Drive2/IOS/_OceanofPDF.com_Building_Cross-Platform_Apps_with_Flutter_-_Deven_Joshi.pdf
[2026-03-20 08:35:13] TEXT: _OceanofPDF.com_App_Development_Using_iOS_iCloud_-_Shantanu_Baruah.pdf
[2026-03-20 08:35:24] ERROR extracting: /media/tony/Drive2/IOS/_OceanofPDF.com_App_Development_Using_iOS_iCloud_-_Shantanu_Baruah.pdf
[2026-03-20 08:35:24] TEXT: _OceanofPDF.com_More_iPhone_Development_with_Swift_Exploring_the_IOS_SDK_-_Dave_Mark.pdf
[2026-03-20 08:35:29] ERROR extracting: /media/tony/Drive2/IOS/_OceanofPDF.com_More_iPhone_Development_with_Swift_Exploring_the_IOS_SDK_-_Dave_Mark.pdf
[2026-03-20 08:35:29] TEXT: _OceanofPDF.com_Extreme_Mobile_iOS_Frameworks_-_Charlie_Cocchiaro.pdf
[2026-03-20 08:35:33] ERROR extracting: /media/tony/Drive2/IOS/_OceanofPDF.com_Extreme_Mobile_iOS_Frameworks_-_Charlie_Cocchiaro.pdf
[2026-03-20 08:35:33] TEXT: _OceanofPDF.com_Animating_SwiftUI_Applications_-_Stephen_DeStefano.pdf
[2026-03-20 08:35:40] ERROR extracting: /media/tony/Drive2/IOS/_OceanofPDF.com_Animating_SwiftUI_Applications_-_Stephen_DeStefano.pdf
[2026-03-20 08:35:40] TEXT: _OceanofPDF.com_UI_Design_for_iOS_App_Development_-_Bear_Cahill.pdf
[2026-03-20 08:35:43] ERROR extracting: /media/tony/Drive2/IOS/_OceanofPDF.com_UI_Design_for_iOS_App_Development_-_Bear_Cahill.pdf
[2026-03-20 08:35:43] TEXT: _OceanofPDF.com_IOS_8_Swift_Programming_Cookbook_-_Vandad_Nahavandipoor.pdf
[2026-03-20 08:35:53] ERROR extracting: /media/tony/Drive2/IOS/_OceanofPDF.com_IOS_8_Swift_Programming_Cookbook_-_Vandad_Nahavandipoor.pdf
[2026-03-20 08:35:53] TEXT: _OceanofPDF.com_iOS_Development_at_Scale_-_Eric_Vennaro.pdf
[2026-03-20 08:36:01] ERROR extracting: /media/tony/Drive2/IOS/_OceanofPDF.com_iOS_Development_at_Scale_-_Eric_Vennaro.pdf
[2026-03-20 08:36:01] TEXT: _OceanofPDF.com_Test-Driven_iOS_Development_1st_Edition_-_Graham_Lee.pdf
[2026-03-20 08:36:05] ERROR extracting: /media/tony/Drive2/IOS/_OceanofPDF.com_Test-Driven_iOS_Development_1st_Edition_-_Graham_Lee.pdf
[2026-03-20 08:36:05] TEXT: _OceanofPDF.com_Creating_IOS_Apps_-_Richard_Warren-1.pdf
[2026-03-20 08:36:14] ERROR extracting: /media/tony/Drive2/IOS/_OceanofPDF.com_Creating_IOS_Apps_-_Richard_Warren-1.pdf
[2026-03-20 08:36:14] TEXT: _OceanofPDF.com_Learning_Mobile_App_Development_A_Hands-on_Guide_to_Building_Apps_with_iOS_and_Android_-_Jakob_Iversen.pdf
[2026-03-20 08:36:19] ERROR extracting: /media/tony/Drive2/IOS/_OceanofPDF.com_Learning_Mobile_App_Development_A_Hands-on_Guide_to_Building_Apps_with_iOS_and_Android_-_Jakob_Iversen.pdf
[2026-03-20 08:36:19] TEXT: _OceanofPDF.com_Creating_iOS_apps_with_Xcode_-_Aaron_L_Bratcher.pdf
[2026-03-20 08:36:27] ERROR extracting: /media/tony/Drive2/IOS/_OceanofPDF.com_Creating_iOS_apps_with_Xcode_-_Aaron_L_Bratcher.pdf
[2026-03-20 08:36:27] TEXT: _OceanofPDF.com_Learning_iOS_8_for_Enterprise_-_Mayank_Birani.pdf
[2026-03-20 08:36:29] ERROR extracting: /media/tony/Drive2/IOS/_OceanofPDF.com_Learning_iOS_8_for_Enterprise_-_Mayank_Birani.pdf
[2026-03-20 08:36:29] TEXT: _OceanofPDF.com_Barcodes_with_iOS_-_Oliver_Drobnik.pdf
[2026-03-20 08:36:31] ERROR extracting: /media/tony/Drive2/IOS/_OceanofPDF.com_Barcodes_with_iOS_-_Oliver_Drobnik.pdf
[2026-03-20 08:36:31] TEXT: _OceanofPDF.com_Beginning_iOS_Development_with_Swift__Crea_-_PawPrints_Technologies.pdf
[2026-03-20 08:36:32] ERROR extracting: /media/tony/Drive2/IOS/_OceanofPDF.com_Beginning_iOS_Development_with_Swift__Crea_-_PawPrints_Technologies.pdf
[2026-03-20 08:36:32] TEXT: _OceanofPDF.com_Beginning_Xamarin_Development_for_the_Mac_-_Dawid_Borycki.pdf
[2026-03-20 08:36:35] ERROR extracting: /media/tony/Drive2/IOS/_OceanofPDF.com_Beginning_Xamarin_Development_for_the_Mac_-_Dawid_Borycki.pdf
[2026-03-20 08:36:35] TEXT: _OceanofPDF.com_Beginning_Swift_Games_Development_for_IOS_-_James_Goodwill.pdf
[2026-03-20 08:36:38] ERROR extracting: /media/tony/Drive2/IOS/_OceanofPDF.com_Beginning_Swift_Games_Development_for_IOS_-_James_Goodwill.pdf
[2026-03-20 08:36:38] TEXT: _OceanofPDF.com_Build_Location-Based_Projects_for_iOS_-_Dominik_Hauser.pdf
[2026-03-20 08:36:44] ERROR extracting: /media/tony/Drive2/IOS/_OceanofPDF.com_Build_Location-Based_Projects_for_iOS_-_Dominik_Hauser.pdf
[2026-03-20 08:36:44] TEXT: _OceanofPDF.com_iOS_Programming__The_Big_Nerd_Ranch_Guide_-_Aaron_Hillegass.pdf
[2026-03-20 08:37:20] ERROR extracting: /media/tony/Drive2/IOS/_OceanofPDF.com_iOS_Programming__The_Big_Nerd_Ranch_Guide_-_Aaron_Hillegass.pdf
[2026-03-20 08:37:20] TEXT: _OceanofPDF.com_An_iOS_Developers_Guide_to_SwiftUI_-_Michele_Fadda.pdf
[2026-03-20 08:37:38] ERROR extracting: /media/tony/Drive2/IOS/_OceanofPDF.com_An_iOS_Developers_Guide_to_SwiftUI_-_Michele_Fadda.pdf
[2026-03-20 08:37:38] TEXT: _OceanofPDF.com_Swift_Programming_Build_Powerful_-_Theophilus_Edet.pdf
[2026-03-20 08:37:39] ERROR extracting: /media/tony/Drive2/IOS/_OceanofPDF.com_Swift_Programming_Build_Powerful_-_Theophilus_Edet.pdf
[2026-03-20 08:37:39] TEXT: _OceanofPDF.com_iOS_Unit_Testing_by_Example_-_Jon_Reid.pdf
[2026-03-20 08:37:55] ERROR extracting: /media/tony/Drive2/IOS/_OceanofPDF.com_iOS_Unit_Testing_by_Example_-_Jon_Reid.pdf
[2026-03-20 08:37:55] TEXT: _OceanofPDF.com_Swift_Programming_-_David_Matthew.pdf
[2026-03-20 08:37:56] ERROR extracting: /media/tony/Drive2/IOS/_OceanofPDF.com_Swift_Programming_-_David_Matthew.pdf
[2026-03-20 08:37:56] TEXT: _OceanofPDF.com_iOS_26_Programming_for_Beginners_-_Ahmad_Sahar.pdf
[2026-03-20 08:38:06] ERROR extracting: /media/tony/Drive2/IOS/_OceanofPDF.com_iOS_26_Programming_for_Beginners_-_Ahmad_Sahar.pdf
[2026-03-20 08:38:06] TEXT: _OceanofPDF.com_Mastering_iOS_18_Development_-_Avi_Tsadok.pdf
[2026-03-20 08:38:30] ERROR extracting: /media/tony/Drive2/IOS/_OceanofPDF.com_Mastering_iOS_18_Development_-_Avi_Tsadok.pdf
[2026-03-20 08:38:30] TEXT: _OceanofPDF.com_Introducing_IOS_8_-_Steve_Derico.pdf
[2026-03-20 08:38:33] ERROR extracting: /media/tony/Drive2/IOS/_OceanofPDF.com_Introducing_IOS_8_-_Steve_Derico.pdf
[2026-03-20 08:38:33] TEXT: _OceanofPDF.com_Lean_Mobile_App_Development_-_Mike_van_Drongelen.pdf
[2026-03-20 08:40:33] ERROR: Command '['python3', '/media/tony/Drive2/Programs/pdf_to_text/pdf_to_text.py', '/media/tony/Drive2/IOS/_OceanofPDF.com_Lean_Mobile_App_Development_-_Mike_van_Drongelen.pdf']' timed out after 120 seconds
[2026-03-20 08:40:33] TEXT: _OceanofPDF.com_IOS_8_Programming_Fundamentals_with_Swift_-_Matt_Neuburg.pdf
[2026-03-20 08:40:40] ERROR extracting: /media/tony/Drive2/IOS/_OceanofPDF.com_IOS_8_Programming_Fundamentals_with_Swift_-_Matt_Neuburg.pdf
[2026-03-20 08:40:40] TEXT: _OceanofPDF.com_Ultimate_iOS_App_Development_Guide_-_Surabhi_Chopada.pdf
[2026-03-20 08:40:47] ERROR extracting: /media/tony/Drive2/IOS/_OceanofPDF.com_Ultimate_iOS_App_Development_Guide_-_Surabhi_Chopada.pdf
[2026-03-20 08:40:47] TEXT: _OceanofPDF.com_Learn_IOS_8_App_Development_-_James_Bucanek.pdf
[2026-03-20 08:40:48] ERROR extracting: /media/tony/Drive2/IOS/_OceanofPDF.com_Learn_IOS_8_App_Development_-_James_Bucanek.pdf
[2026-03-20 08:40:48] TEXT: _OceanofPDF.com_Swift_Cookbook_-_Keith_Moon.pdf
[2026-03-20 08:40:56] ERROR extracting: /media/tony/Drive2/IOS/_OceanofPDF.com_Swift_Cookbook_-_Keith_Moon.pdf
[2026-03-20 08:40:56] TEXT: _OceanofPDF.com_Swift_Recipes_for_iOS_Developers_-_Alexander_Nekrasov.pdf
[2026-03-20 08:41:01] ERROR extracting: /media/tony/Drive2/IOS/_OceanofPDF.com_Swift_Recipes_for_iOS_Developers_-_Alexander_Nekrasov.pdf
[2026-03-20 08:41:01] TEXT: _OceanofPDF.com_Flutter_App_Development_-_Rap_Payne.pdf
[2026-03-20 08:41:04] ERROR extracting: /media/tony/Drive2/IOS/_OceanofPDF.com_Flutter_App_Development_-_Rap_Payne.pdf
[2026-03-20 08:41:04] TEXT: _OceanofPDF.com_Beginning_iPhone_Development_Exploring_the_IOS_SDK_-_Dave_Mark.pdf
[2026-03-20 08:41:05] ERROR extracting: /media/tony/Drive2/IOS/_OceanofPDF.com_Beginning_iPhone_Development_Exploring_the_IOS_SDK_-_Dave_Mark.pdf
[2026-03-20 08:41:05] TEXT: _OceanofPDF.com_Programming_iOS_with_Swift_53_For_Beginne_-_Robert_Kissinger.pdf
[2026-03-20 08:41:07] ERROR extracting: /media/tony/Drive2/IOS/_OceanofPDF.com_Programming_iOS_with_Swift_53_For_Beginne_-_Robert_Kissinger.pdf
[2026-03-20 08:41:07] TEXT: _OceanofPDF.com_Learning_IOS_Security_-_Allister_Banks.pdf
[2026-03-20 08:41:10] ERROR extracting: /media/tony/Drive2/IOS/_OceanofPDF.com_Learning_IOS_Security_-_Allister_Banks.pdf
[2026-03-20 08:41:10] TEXT: _OceanofPDF.com_MacOS_and_iOS_Internals_Volume_II_Kernel_Mode_2nd_ed_-_Jonathan_Levin.pdf
[2026-03-20 08:41:16] ERROR extracting: /media/tony/Drive2/IOS/_OceanofPDF.com_MacOS_and_iOS_Internals_Volume_II_Kernel_Mode_2nd_ed_-_Jonathan_Levin.pdf
[2026-03-20 08:41:16] TEXT: _OceanofPDF.com_Unity_2020_Mobile_Game_Development_Second_-_John_P_Doran.pdf
[2026-03-20 08:41:21] ERROR extracting: /media/tony/Drive2/IOS/_OceanofPDF.com_Unity_2020_Mobile_Game_Development_Second_-_John_P_Doran.pdf
[2026-03-20 08:41:21] TEXT: _OceanofPDF.com_Learn_Swift_on_the_Mac_For_OS_X_and_IOS_-_Waqar_Malik.pdf
[2026-03-20 08:41:23] ERROR extracting: /media/tony/Drive2/IOS/_OceanofPDF.com_Learn_Swift_on_the_Mac_For_OS_X_and_IOS_-_Waqar_Malik.pdf
[2026-03-20 08:41:23] TEXT: _OceanofPDF.com_Beginning_iOS_14_n_Swift_App_Development_-_Lim_Greg.pdf
[2026-03-20 08:41:26] ERROR extracting: /media/tony/Drive2/IOS/_OceanofPDF.com_Beginning_iOS_14_n_Swift_App_Development_-_Lim_Greg.pdf
[2026-03-20 08:41:26] TEXT: _OceanofPDF.com_iOS_Cloud_Development_For_Dummies_-_Neal_Goldstein.pdf
[2026-03-20 08:41:34] ERROR extracting: /media/tony/Drive2/IOS/_OceanofPDF.com_iOS_Cloud_Development_For_Dummies_-_Neal_Goldstein.pdf
[2026-03-20 08:41:34] TEXT: _OceanofPDF.com_iOS_14_Programming_Fundamentals_with_Swift_-_Matt_Neuburg.pdf
[2026-03-20 08:42:07] ERROR extracting: /media/tony/Drive2/IOS/_OceanofPDF.com_iOS_14_Programming_Fundamentals_with_Swift_-_Matt_Neuburg.pdf
[2026-03-20 08:42:07] TEXT: _OceanofPDF.com_Hands-on_iOS_App_Development_Projects_-_Aish_Kodali.pdf
[2026-03-20 08:42:11] ERROR extracting: /media/tony/Drive2/IOS/_OceanofPDF.com_Hands-on_iOS_App_Development_Projects_-_Aish_Kodali.pdf
[2026-03-20 08:42:11] TEXT: _OceanofPDF.com_Ultimate_Kotlin_Multiplatform_-_Gowtham_Shanmugaraj_Ganesan.pdf
[2026-03-20 08:42:18] ERROR extracting: /media/tony/Drive2/IOS/_OceanofPDF.com_Ultimate_Kotlin_Multiplatform_-_Gowtham_Shanmugaraj_Ganesan.pdf
[2026-03-20 08:42:18] TEXT: _OceanofPDF.com_Creating_IOS_Apps_-_Richard_Warren.pdf
[2026-03-20 08:42:27] ERROR extracting: /media/tony/Drive2/IOS/_OceanofPDF.com_Creating_IOS_Apps_-_Richard_Warren.pdf
[2026-03-20 08:42:27] TEXT: _OceanofPDF.com_Professional_iOS_Database_Application_Prog_-_Patrick_Alessi.pdf
[2026-03-20 08:42:38] ERROR extracting: /media/tony/Drive2/IOS/_OceanofPDF.com_Professional_iOS_Database_Application_Prog_-_Patrick_Alessi.pdf
[2026-03-20 08:42:38] TEXT: _OceanofPDF.com_Mastering_Flutter_Learn_to_develop_Flutter_apps_-_Kevin_Moore.pdf
[2026-03-20 08:42:43] ERROR extracting: /media/tony/Drive2/IOS/_OceanofPDF.com_Mastering_Flutter_Learn_to_develop_Flutter_apps_-_Kevin_Moore.pdf
[2026-03-20 08:42:43] TEXT: _OceanofPDF.com_Hands-On_Mobile_and_Embedded_Development_w_-_Lorn_Potter.pdf
[2026-03-20 08:42:54] ERROR extracting: /media/tony/Drive2/IOS/_OceanofPDF.com_Hands-On_Mobile_and_Embedded_Development_w_-_Lorn_Potter.pdf
[2026-03-20 08:42:54] TEXT: _OceanofPDF.com_Practical_Mobile_Forensics_Fourth_Edition_-_Satish_Bommisetty.pdf
[2026-03-20 08:43:05] ERROR extracting: /media/tony/Drive2/IOS/_OceanofPDF.com_Practical_Mobile_Forensics_Fourth_Edition_-_Satish_Bommisetty.pdf
[2026-03-20 08:43:05] TEXT: _OceanofPDF.com_SwiftUI_Essentials_-_iOS_15_Edition_-_Neil_Smyth.pdf
[2026-03-20 08:43:28] ERROR extracting: /media/tony/Drive2/IOS/_OceanofPDF.com_SwiftUI_Essentials_-_iOS_15_Edition_-_Neil_Smyth.pdf
[2026-03-20 08:43:28] TEXT: _OceanofPDF.com_iOS_App_Development_For_Beginners_-_Nathan_Sebhastian.pdf
[2026-03-20 08:43:34] ERROR extracting: /media/tony/Drive2/IOS/_OceanofPDF.com_iOS_App_Development_For_Beginners_-_Nathan_Sebhastian.pdf
[2026-03-20 08:43:34] TEXT: _OceanofPDF.com_Ultimate_SwiftUI_Handbook_-_Duong_Dinh_Bao_James_Thang.pdf
[2026-03-20 08:43:37] ERROR extracting: /media/tony/Drive2/IOS/_OceanofPDF.com_Ultimate_SwiftUI_Handbook_-_Duong_Dinh_Bao_James_Thang.pdf
[2026-03-20 08:43:37] TEXT: _OceanofPDF.com_Learning_Unreal_R_Engine_iOS_Game_Development_-_Muhammad_A_Moniem.pdf
[2026-03-20 08:43:37] Found 278 total PDFs
[2026-03-20 08:43:37] TEXT: _OceanofPDF.com_Learning_Unreal_R_Engine_iOS_Game_Development_-_Muhammad_A_Moniem.pdf
[2026-03-20 08:43:39] ERROR extracting: /media/tony/Drive2/IOS/_OceanofPDF.com_Learning_Unreal_R_Engine_iOS_Game_Development_-_Muhammad_A_Moniem.pdf
[2026-03-20 08:43:39] === PROGRESS: 191/278 text, 185/278 summarized, 93 errors ===
[2026-03-20 08:43:39] ERROR extracting: /media/tony/Drive2/IOS/_OceanofPDF.com_Learning_Unreal_R_Engine_iOS_Game_Development_-_Muhammad_A_Moniem.pdf
[2026-03-20 08:43:39] === PROGRESS: 191/278 text, 185/278 summarized, 93 errors ===
[2026-03-20 08:44:33] Found 278 total PDFs
[2026-03-20 08:44:33] === PROGRESS: 191/278 text, 185/278 summarized, 93 errors ===
[2026-03-20 09:06:07] Found 278 total PDFs
[2026-03-20 09:06:07] === PROGRESS: 191/278 text, 185/278 summarized, 93 errors ===
[2026-03-20 09:24:28] Found 278 total PDFs
[2026-03-20 09:24:28] TEXT: _OceanofPDF.com_Synthesizable_VHDL_Design_for_FPGAs_-_Eduardo_Augusto_Bezerra.pdf
[2026-03-20 09:24:30] TEXT: _OceanofPDF.com_Verilog_Frequently_Asked_Questions_-_Shivakumar_Chonnad.pdf
[2026-03-20 09:24:33] TEXT: _OceanofPDF.com_Fundamentals_of_Digital_Logic_with_VHDL_Design_-_Stephen_Brown.pdf
[2026-03-20 09:25:11] TEXT: _OceanofPDF.com_Mastering_Verilog_for_FPGA_Design_-_Majid_Pakdel.pdf
[2026-03-20 09:25:14] TEXT: _OceanofPDF.com_Digital_Electronics_and_Design_with_VHDL_-_Volnei_A_Pedroni.pdf
[2026-03-20 09:25:28] TEXT: _OceanofPDF.com_Digital_Design_Using_VHDL_-_William_J_Dally.pdf
[2026-03-20 09:25:41] TEXT: _OceanofPDF.com_Computer_Architecture_Tutorial_Using_an_FP_-_Robert_Dunne.pdf
[2026-03-20 09:25:51] TEXT: _OceanofPDF.com_Quick_Start_Guide_to_Verilog_-_Brock_J_LaMeres.pdf
[2026-03-20 09:25:54] TEXT: _OceanofPDF.com_Fundamentals_of_VHDL_for_FPGA_Programming_-_Majid_Pakdel-1.pdf
[2026-03-20 09:26:01] TEXT: _OceanofPDF.com_Practical_Digital_Design_-_Bruce_Reidenbach.pdf
[2026-03-20 09:26:16] TEXT: _OceanofPDF.com_Introduction_to_Logic_Circuits_n_Logic_Des_-_Brock_J_LaMeres.pdf
[2026-03-20 09:26:24] TEXT: _OceanofPDF.com_Fundamentals_of_VHDL_for_FPGA_Programming_-_Majid_Pakdel.pdf
[2026-03-20 09:26:31] TEXT: _OceanofPDF.com_Verilog_HDL_-_Samir_Palnitkar.pdf
[2026-03-20 09:26:34] TEXT: _OceanofPDF.com_State_Machines_using_VHDL_FPGA_Implementation_-_Orhan_Gazi.pdf
[2026-03-20 09:26:36] TEXT: _OceanofPDF.com_Digital_Logic_Circuits_With_VHDL_-_A_Nagoor_Kani.pdf
[2026-03-20 09:27:20] SUMMARY: _OceanofPDF.com_Getting_Started_with_FPGAs_-_Russell_Merrick.pdf
[2026-03-20 09:27:24] ERROR summarizing: /media/tony/Drive2/FPGA/_OceanofPDF.com_Getting_Started_with_FPGAs_-_Russell_Merrick.pdf
[2026-03-20 09:27:24] SUMMARY: _OceanofPDF.com_Synthesizable_VHDL_Design_for_FPGAs_-_Eduardo_Augusto_Bezerra.pdf
[2026-03-20 09:27:26] ERROR summarizing: /media/tony/Drive2/FPGA/_OceanofPDF.com_Synthesizable_VHDL_Design_for_FPGAs_-_Eduardo_Augusto_Bezerra.pdf
[2026-03-20 09:27:26] SUMMARY: _OceanofPDF.com_Verilog_Frequently_Asked_Questions_-_Shivakumar_Chonnad.pdf
[2026-03-20 09:27:28] ERROR summarizing: /media/tony/Drive2/FPGA/_OceanofPDF.com_Verilog_Frequently_Asked_Questions_-_Shivakumar_Chonnad.pdf
[2026-03-20 09:27:28] SUMMARY: _OceanofPDF.com_Fundamentals_of_Digital_Logic_with_VHDL_Design_-_Stephen_Brown.pdf
[2026-03-20 09:28:07] ERROR summarizing: /media/tony/Drive2/FPGA/_OceanofPDF.com_Fundamentals_of_Digital_Logic_with_VHDL_Design_-_Stephen_Brown.pdf
[2026-03-20 09:28:07] SUMMARY: _OceanofPDF.com_Mastering_Verilog_for_FPGA_Design_-_Majid_Pakdel.pdf
[2026-03-20 09:28:09] ERROR summarizing: /media/tony/Drive2/FPGA/_OceanofPDF.com_Mastering_Verilog_for_FPGA_Design_-_Majid_Pakdel.pdf
[2026-03-20 09:28:09] SUMMARY: _OceanofPDF.com_Digital_Electronics_and_Design_with_VHDL_-_Volnei_A_Pedroni.pdf
[2026-03-20 09:28:24] ERROR summarizing: /media/tony/Drive2/FPGA/_OceanofPDF.com_Digital_Electronics_and_Design_with_VHDL_-_Volnei_A_Pedroni.pdf
[2026-03-20 09:28:24] SUMMARY: _OceanofPDF.com_Digital_Design_Using_VHDL_-_William_J_Dally.pdf
[2026-03-20 09:28:38] ERROR summarizing: /media/tony/Drive2/FPGA/_OceanofPDF.com_Digital_Design_Using_VHDL_-_William_J_Dally.pdf
[2026-03-20 09:28:38] SUMMARY: _OceanofPDF.com_Computer_Architecture_Tutorial_Using_an_FP_-_Robert_Dunne.pdf
[2026-03-20 09:28:48] ERROR summarizing: /media/tony/Drive2/FPGA/_OceanofPDF.com_Computer_Architecture_Tutorial_Using_an_FP_-_Robert_Dunne.pdf
[2026-03-20 09:28:48] SUMMARY: _OceanofPDF.com_Quick_Start_Guide_to_Verilog_-_Brock_J_LaMeres.pdf
[2026-03-20 09:28:51] ERROR summarizing: /media/tony/Drive2/FPGA/_OceanofPDF.com_Quick_Start_Guide_to_Verilog_-_Brock_J_LaMeres.pdf
[2026-03-20 09:28:51] SUMMARY: _OceanofPDF.com_Fundamentals_of_VHDL_for_FPGA_Programming_-_Majid_Pakdel-1.pdf
[2026-03-20 09:28:57] ERROR summarizing: /media/tony/Drive2/FPGA/_OceanofPDF.com_Fundamentals_of_VHDL_for_FPGA_Programming_-_Majid_Pakdel-1.pdf
[2026-03-20 09:28:57] SUMMARY: _OceanofPDF.com_Practical_Digital_Design_-_Bruce_Reidenbach.pdf
[2026-03-20 09:29:13] ERROR summarizing: /media/tony/Drive2/FPGA/_OceanofPDF.com_Practical_Digital_Design_-_Bruce_Reidenbach.pdf
[2026-03-20 09:29:13] SUMMARY: _OceanofPDF.com_Introduction_to_Logic_Circuits_n_Logic_Des_-_Brock_J_LaMeres.pdf
[2026-03-20 09:29:21] ERROR summarizing: /media/tony/Drive2/FPGA/_OceanofPDF.com_Introduction_to_Logic_Circuits_n_Logic_Des_-_Brock_J_LaMeres.pdf
[2026-03-20 09:29:21] SUMMARY: _OceanofPDF.com_Fundamentals_of_VHDL_for_FPGA_Programming_-_Majid_Pakdel.pdf
[2026-03-20 09:29:27] ERROR summarizing: /media/tony/Drive2/FPGA/_OceanofPDF.com_Fundamentals_of_VHDL_for_FPGA_Programming_-_Majid_Pakdel.pdf
[2026-03-20 09:29:27] SUMMARY: _OceanofPDF.com_Verilog_HDL_-_Samir_Palnitkar.pdf
[2026-03-20 09:29:30] ERROR summarizing: /media/tony/Drive2/FPGA/_OceanofPDF.com_Verilog_HDL_-_Samir_Palnitkar.pdf
[2026-03-20 09:29:30] SUMMARY: _OceanofPDF.com_State_Machines_using_VHDL_FPGA_Implementation_-_Orhan_Gazi.pdf
[2026-03-20 09:29:32] ERROR summarizing: /media/tony/Drive2/FPGA/_OceanofPDF.com_State_Machines_using_VHDL_FPGA_Implementation_-_Orhan_Gazi.pdf
[2026-03-20 09:29:32] SUMMARY: _OceanofPDF.com_Digital_Logic_Circuits_With_VHDL_-_A_Nagoor_Kani.pdf
[2026-03-20 09:30:16] ERROR summarizing: /media/tony/Drive2/FPGA/_OceanofPDF.com_Digital_Logic_Circuits_With_VHDL_-_A_Nagoor_Kani.pdf
[2026-03-20 09:30:16] SUMMARY: _OceanofPDF.com_FPGA_Programming_and_Hardware_Essentials_-_Dogan_Ibrahim.pdf
[2026-03-20 09:30:22] ERROR summarizing: /media/tony/Drive2/FPGA/_OceanofPDF.com_FPGA_Programming_and_Hardware_Essentials_-_Dogan_Ibrahim.pdf
[2026-03-20 09:30:22] SUMMARY: _OceanofPDF.com_Getting_Started_with_FPGAs_-_Russell_Merrick-1.pdf
[2026-03-20 09:30:26] ERROR summarizing: /media/tony/Drive2/FPGA/_OceanofPDF.com_Getting_Started_with_FPGAs_-_Russell_Merrick-1.pdf
[2026-03-20 09:30:26] SUMMARY: _OceanofPDF.com_Logic_Synthesis_and_SOC_Prototyping_-_Vaibbhav_Taraate.pdf
[2026-03-20 09:30:30] ERROR summarizing: /media/tony/Drive2/FPGA/_OceanofPDF.com_Logic_Synthesis_and_SOC_Prototyping_-_Vaibbhav_Taraate.pdf
[2026-03-20 09:30:30] SUMMARY: _OceanofPDF.com_Ultimate_Firebase_for_iOS_-_Duong_Dinh_Bao_James_Thang.pdf
[2026-03-20 09:30:36] ERROR summarizing: /media/tony/Drive2/IOS/_OceanofPDF.com_Ultimate_Firebase_for_iOS_-_Duong_Dinh_Bao_James_Thang.pdf
[2026-03-20 09:30:36] SUMMARY: _OceanofPDF.com_Take_Control_of_iOS_18_and_iPadOS_18_-_Josh_Centers.pdf
[2026-03-20 09:30:37] ERROR summarizing: /media/tony/Drive2/IOS/_OceanofPDF.com_Take_Control_of_iOS_18_and_iPadOS_18_-_Josh_Centers.pdf
[2026-03-20 09:30:37] SUMMARY: _OceanofPDF.com_Build_IOS_Games_with_Sprite_Kit_-_Jonathan_Penn.pdf
[2026-03-20 09:30:40] ERROR summarizing: /media/tony/Drive2/IOS/_OceanofPDF.com_Build_IOS_Games_with_Sprite_Kit_-_Jonathan_Penn.pdf
[2026-03-20 09:30:40] SUMMARY: _OceanofPDF.com_Penetration_Testing_with_Kali_-_Gerald_nquotTrippnquot_Roybal_III.pdf
[2026-03-20 09:30:45] SUMMARY: _OceanofPDF.com_Program_the_Internet_of_Things_with_Swift_for_iOS_-_Ahmed_Bakir.pdf
[2026-03-20 09:30:52] SUMMARY: _OceanofPDF.com_Instant_Passbook_App_Development_for_IOS_How-To_-_Keith_D_Moon.pdf
[2026-03-20 09:30:52] SUMMARY: _OceanofPDF.com_NET_MAUI_Projects_-_Sivaraj_Ambat.pdf
[2026-03-20 09:30:56] SUMMARY: _OceanofPDF.com_Learn_Spritebuilder_for_IOS_Game_Development_-_Steffen_Itterheim.pdf
[2026-03-20 09:31:01] SUMMARY: _OceanofPDF.com_Mastering_SwiftUI_for_iOS_16_and_Xcode_14_-_Simon_Ng.pdf
[2026-03-20 09:31:02] Found 278 total PDFs
[2026-03-20 09:31:02] TEXT: _OceanofPDF.com_Mastering_SwiftUI_for_iOS_16_and_Xcode_14_-_Simon_Ng.pdf
[2026-03-20 09:31:32] SUMMARY: _OceanofPDF.com_The_iPhone_iOS_17_Manual_-_August_2024_-_The_iPhone_iOS_17_Manual.pdf
[2026-03-20 09:31:33] TEXT: _OceanofPDF.com_Programming_IOS_8_Dive_Deep_Into_Views_View_Controllers_-_Matt_Neuburg.pdf
[2026-03-20 09:31:33] SUMMARY: _OceanofPDF.com_Programming_IOS_8_Dive_Deep_Into_Views_View_Controllers_-_Matt_Neuburg.pdf
[2026-03-20 09:31:42] TEXT: _OceanofPDF.com_Building_Cross-Platform_Apps_with_Flutter_-_Deven_Joshi.pdf
[2026-03-20 09:31:42] SUMMARY: _OceanofPDF.com_Building_Cross-Platform_Apps_with_Flutter_-_Deven_Joshi.pdf
[2026-03-20 09:31:47] TEXT: _OceanofPDF.com_App_Development_Using_iOS_iCloud_-_Shantanu_Baruah.pdf
[2026-03-20 09:31:47] SUMMARY: _OceanofPDF.com_App_Development_Using_iOS_iCloud_-_Shantanu_Baruah.pdf
[2026-03-20 09:31:56] TEXT: _OceanofPDF.com_More_iPhone_Development_with_Swift_Exploring_the_IOS_SDK_-_Dave_Mark.pdf
[2026-03-20 09:31:57] === PROGRESS: 206/278 text, 195/278 summarized, 32 errors ===
[2026-03-20 09:32:01] TEXT: _OceanofPDF.com_Extreme_Mobile_iOS_Frameworks_-_Charlie_Cocchiaro.pdf
[2026-03-20 09:32:05] TEXT: _OceanofPDF.com_Animating_SwiftUI_Applications_-_Stephen_DeStefano.pdf
[2026-03-20 09:32:11] TEXT: _OceanofPDF.com_UI_Design_for_iOS_App_Development_-_Bear_Cahill.pdf
[2026-03-20 09:32:14] TEXT: _OceanofPDF.com_IOS_8_Swift_Programming_Cookbook_-_Vandad_Nahavandipoor.pdf
[2026-03-20 09:32:23] TEXT: _OceanofPDF.com_iOS_Development_at_Scale_-_Eric_Vennaro.pdf
[2026-03-20 09:32:31] TEXT: _OceanofPDF.com_Test-Driven_iOS_Development_1st_Edition_-_Graham_Lee.pdf
[2026-03-20 09:32:34] TEXT: _OceanofPDF.com_Creating_IOS_Apps_-_Richard_Warren-1.pdf
[2026-03-20 09:32:38] Found 278 total PDFs
[2026-03-20 09:32:38] TEXT: _OceanofPDF.com_Creating_IOS_Apps_-_Richard_Warren-1.pdf
[2026-03-20 09:32:42] TEXT: _OceanofPDF.com_Learning_Mobile_App_Development_A_Hands-on_Guide_to_Building_Apps_with_iOS_and_Android_-_Jakob_Iversen.pdf
[2026-03-20 09:32:46] TEXT: _OceanofPDF.com_Learning_Mobile_App_Development_A_Hands-on_Guide_to_Building_Apps_with_iOS_and_Android_-_Jakob_Iversen.pdf
[2026-03-20 09:32:47] TEXT: _OceanofPDF.com_Creating_iOS_apps_with_Xcode_-_Aaron_L_Bratcher.pdf
[2026-03-20 09:32:51] TEXT: _OceanofPDF.com_Creating_iOS_apps_with_Xcode_-_Aaron_L_Bratcher.pdf
[2026-03-20 09:32:55] TEXT: _OceanofPDF.com_Learning_iOS_8_for_Enterprise_-_Mayank_Birani.pdf
[2026-03-20 09:32:57] SUMMARY: _OceanofPDF.com_Mastering_SwiftUI_for_iOS_16_and_Xcode_14_-_Simon_Ng.pdf
[2026-03-20 09:32:59] TEXT: _OceanofPDF.com_Barcodes_with_iOS_-_Oliver_Drobnik.pdf
[2026-03-20 09:33:00] ERROR extracting: /media/tony/Drive2/IOS/_OceanofPDF.com_Barcodes_with_iOS_-_Oliver_Drobnik.pdf
[2026-03-20 09:33:00] TEXT: _OceanofPDF.com_Beginning_iOS_Development_with_Swift__Crea_-_PawPrints_Technologies.pdf
[2026-03-20 09:33:01] TEXT: _OceanofPDF.com_Beginning_Xamarin_Development_for_the_Mac_-_Dawid_Borycki.pdf
[2026-03-20 09:33:04] TEXT: _OceanofPDF.com_Beginning_Swift_Games_Development_for_IOS_-_James_Goodwill.pdf
[2026-03-20 09:33:07] TEXT: _OceanofPDF.com_Build_Location-Based_Projects_for_iOS_-_Dominik_Hauser.pdf
[2026-03-20 09:33:13] TEXT: _OceanofPDF.com_iOS_Programming__The_Big_Nerd_Ranch_Guide_-_Aaron_Hillegass.pdf
[2026-03-20 09:33:29] SUMMARY: _OceanofPDF.com_The_iPhone_iOS_17_Manual_-_August_2024_-_The_iPhone_iOS_17_Manual.pdf
[2026-03-20 09:33:29] SUMMARY: _OceanofPDF.com_Programming_IOS_8_Dive_Deep_Into_Views_View_Controllers_-_Matt_Neuburg.pdf
[2026-03-20 09:33:39] SUMMARY: _OceanofPDF.com_Building_Cross-Platform_Apps_with_Flutter_-_Deven_Joshi.pdf
[2026-03-20 09:33:44] SUMMARY: _OceanofPDF.com_App_Development_Using_iOS_iCloud_-_Shantanu_Baruah.pdf
[2026-03-20 09:33:46] TEXT: _OceanofPDF.com_An_iOS_Developers_Guide_to_SwiftUI_-_Michele_Fadda.pdf
[2026-03-20 09:33:55] SUMMARY: _OceanofPDF.com_More_iPhone_Development_with_Swift_Exploring_the_IOS_SDK_-_Dave_Mark.pdf
[2026-03-20 09:34:00] SUMMARY: _OceanofPDF.com_Extreme_Mobile_iOS_Frameworks_-_Charlie_Cocchiaro.pdf
[2026-03-20 09:34:03] TEXT: _OceanofPDF.com_Swift_Programming_Build_Powerful_-_Theophilus_Edet.pdf
[2026-03-20 09:34:04] TEXT: _OceanofPDF.com_iOS_Unit_Testing_by_Example_-_Jon_Reid.pdf
[2026-03-20 09:34:04] SUMMARY: _OceanofPDF.com_Animating_SwiftUI_Applications_-_Stephen_DeStefano.pdf
[2026-03-20 09:34:11] SUMMARY: _OceanofPDF.com_UI_Design_for_iOS_App_Development_-_Bear_Cahill.pdf
[2026-03-20 09:34:14] SUMMARY: _OceanofPDF.com_IOS_8_Swift_Programming_Cookbook_-_Vandad_Nahavandipoor.pdf
[2026-03-20 09:34:21] TEXT: _OceanofPDF.com_Swift_Programming_-_David_Matthew.pdf
[2026-03-20 09:34:22] TEXT: _OceanofPDF.com_iOS_26_Programming_for_Beginners_-_Ahmad_Sahar.pdf
[2026-03-20 09:34:24] === PROGRESS: 221/278 text, 200/278 summarized, 32 errors ===
[2026-03-20 09:34:32] TEXT: _OceanofPDF.com_Mastering_iOS_18_Development_-_Avi_Tsadok.pdf
[2026-03-20 09:34:55] TEXT: _OceanofPDF.com_Introducing_IOS_8_-_Steve_Derico.pdf
[2026-03-20 09:34:57] SUMMARY: _OceanofPDF.com_Mastering_SwiftUI_for_iOS_16_and_Xcode_14_-_Simon_Ng.pdf
[2026-03-20 09:35:26] SUMMARY: _OceanofPDF.com_The_iPhone_iOS_17_Manual_-_August_2024_-_The_iPhone_iOS_17_Manual.pdf
[2026-03-20 09:35:27] SUMMARY: _OceanofPDF.com_Programming_IOS_8_Dive_Deep_Into_Views_View_Controllers_-_Matt_Neuburg.pdf
[2026-03-20 09:35:35] SUMMARY: _OceanofPDF.com_Building_Cross-Platform_Apps_with_Flutter_-_Deven_Joshi.pdf
[2026-03-20 09:35:43] Found 278 total PDFs
[2026-03-20 09:35:43] TEXT: _OceanofPDF.com_Internet_of_Things_IoT_and_Wastewater_Reuse_-_AK_Haghi.pdf
[2026-03-20 09:35:44] ERROR extracting: /media/tony/Drive2/IOT/_OceanofPDF.com_Internet_of_Things_IoT_and_Wastewater_Reuse_-_AK_Haghi.pdf
[2026-03-20 09:35:44] TEXT: _OceanofPDF.com_Internet_of_Things_IoT_and_Wastewater_Reuse_-_AK_Haghi.pdf
[2026-03-20 09:35:45] ERROR extracting: /media/tony/Drive2/Full_Stack_Dev/_OceanofPDF.com_Internet_of_Things_IoT_and_Wastewater_Reuse_-_AK_Haghi.pdf
[2026-03-20 09:35:45] TEXT: _OceanofPDF.com_Android_Programming_Made_Simple_-_Mark_Stokes.pdf
[2026-03-20 09:35:45] ERROR extracting: /media/tony/Drive2/Android/_OceanofPDF.com_Android_Programming_Made_Simple_-_Mark_Stokes.pdf
[2026-03-20 09:35:45] TEXT: _OceanofPDF.com_FPGA_Programming_and_Hardware_Essentials_-_Dogan_Ibrahim.pdf
[2026-03-20 09:35:51] TEXT: _OceanofPDF.com_Getting_Started_with_FPGAs_-_Russell_Merrick-1.pdf
[2026-03-20 09:35:55] TEXT: _OceanofPDF.com_Logic_Synthesis_and_SOC_Prototyping_-_Vaibbhav_Taraate.pdf
[2026-03-20 09:35:58] TEXT: _OceanofPDF.com_Ultimate_Firebase_for_iOS_-_Duong_Dinh_Bao_James_Thang.pdf
[2026-03-20 09:36:03] TEXT: _OceanofPDF.com_Take_Control_of_iOS_18_and_iPadOS_18_-_Josh_Centers.pdf
[2026-03-20 09:36:04] TEXT: _OceanofPDF.com_Build_IOS_Games_with_Sprite_Kit_-_Jonathan_Penn.pdf
[2026-03-20 09:36:07] TEXT: _OceanofPDF.com_Barcodes_with_iOS_-_Oliver_Drobnik.pdf
[2026-03-20 09:36:09] ERROR extracting: /media/tony/Drive2/IOS/_OceanofPDF.com_Barcodes_with_iOS_-_Oliver_Drobnik.pdf
[2026-03-20 09:36:09] TEXT: _OceanofPDF.com_Lean_Mobile_App_Development_-_Mike_van_Drongelen.pdf
[2026-03-20 09:38:09] ERROR: Command '['python3', '/media/tony/Drive2/Programs/pdf_to_text/pdf_to_text.py', '/media/tony/Drive2/IOS/_OceanofPDF.com_Lean_Mobile_App_Development_-_Mike_van_Drongelen.pdf', '/media/tony/Drive2/Programs/pdf_to_text/extracted/_OceanofPDF.com_Lean_Mobile_App_Development_-_Mike_van_Drongelen.txt']' timed out after 120 seconds
[2026-03-20 09:38:09] TEXT: _OceanofPDF.com_IOS_8_Programming_Fundamentals_with_Swift_-_Matt_Neuburg.pdf
[2026-03-20 09:38:15] TEXT: _OceanofPDF.com_Ultimate_iOS_App_Development_Guide_-_Surabhi_Chopada.pdf
[2026-03-20 09:38:20] TEXT: _OceanofPDF.com_Learn_IOS_8_App_Development_-_James_Bucanek.pdf
[2026-03-20 09:38:21] ERROR extracting: /media/tony/Drive2/IOS/_OceanofPDF.com_Learn_IOS_8_App_Development_-_James_Bucanek.pdf
[2026-03-20 09:38:21] TEXT: _OceanofPDF.com_Swift_Cookbook_-_Keith_Moon.pdf
[2026-03-20 09:38:28] TEXT: _OceanofPDF.com_Swift_Recipes_for_iOS_Developers_-_Alexander_Nekrasov.pdf
[2026-03-20 09:38:32] Found 278 total PDFs
[2026-03-20 09:38:32] TEXT: _OceanofPDF.com_Swift_Recipes_for_iOS_Developers_-_Alexander_Nekrasov.pdf
[2026-03-20 09:38:32] TEXT: _OceanofPDF.com_Flutter_App_Development_-_Rap_Payne.pdf
[2026-03-20 09:38:35] TEXT: _OceanofPDF.com_Beginning_iPhone_Development_Exploring_the_IOS_SDK_-_Dave_Mark.pdf
[2026-03-20 09:38:36] ERROR extracting: /media/tony/Drive2/IOS/_OceanofPDF.com_Beginning_iPhone_Development_Exploring_the_IOS_SDK_-_Dave_Mark.pdf
[2026-03-20 09:38:36] TEXT: _OceanofPDF.com_Programming_iOS_with_Swift_53_For_Beginne_-_Robert_Kissinger.pdf
[2026-03-20 09:38:36] TEXT: _OceanofPDF.com_Beginning_iPhone_Development_Exploring_the_IOS_SDK_-_Dave_Mark.pdf
[2026-03-20 09:38:37] ERROR extracting: /media/tony/Drive2/IOS/_OceanofPDF.com_Beginning_iPhone_Development_Exploring_the_IOS_SDK_-_Dave_Mark.pdf
[2026-03-20 09:38:37] TEXT: _OceanofPDF.com_Programming_iOS_with_Swift_53_For_Beginne_-_Robert_Kissinger.pdf
[2026-03-20 09:38:38] TEXT: _OceanofPDF.com_Learning_IOS_Security_-_Allister_Banks.pdf
[2026-03-20 09:38:39] TEXT: _OceanofPDF.com_Learning_IOS_Security_-_Allister_Banks.pdf
[2026-03-20 09:38:40] TEXT: _OceanofPDF.com_MacOS_and_iOS_Internals_Volume_II_Kernel_Mode_2nd_ed_-_Jonathan_Levin.pdf
[2026-03-20 09:38:41] TEXT: _OceanofPDF.com_MacOS_and_iOS_Internals_Volume_II_Kernel_Mode_2nd_ed_-_Jonathan_Levin.pdf
[2026-03-20 09:38:46] TEXT: _OceanofPDF.com_Unity_2020_Mobile_Game_Development_Second_-_John_P_Doran.pdf
[2026-03-20 09:38:47] TEXT: _OceanofPDF.com_Unity_2020_Mobile_Game_Development_Second_-_John_P_Doran.pdf
[2026-03-20 09:38:50] SUMMARY: _OceanofPDF.com_Practical_IoT_Hacking_-_Fotios_Chantzis.pdf
[2026-03-20 09:38:51] TEXT: _OceanofPDF.com_Learn_Swift_on_the_Mac_For_OS_X_and_IOS_-_Waqar_Malik.pdf
[2026-03-20 09:38:54] TEXT: _OceanofPDF.com_Beginning_iOS_14_n_Swift_App_Development_-_Lim_Greg.pdf
[2026-03-20 09:38:56] TEXT: _OceanofPDF.com_iOS_Cloud_Development_For_Dummies_-_Neal_Goldstein.pdf
[2026-03-20 09:39:04] TEXT: _OceanofPDF.com_iOS_14_Programming_Fundamentals_with_Swift_-_Matt_Neuburg.pdf
[2026-03-20 09:39:17] SUMMARY: _OceanofPDF.com_AI_and_ML-Driven_Cybersecurity_with_Python_-_Atdhe_Buja.pdf
[2026-03-20 09:39:32] TEXT: _OceanofPDF.com_Hands-on_iOS_App_Development_Projects_-_Aish_Kodali.pdf
[2026-03-20 09:39:34] SUMMARY: _OceanofPDF.com_Proceedings_of_3rd_International_Conference_on_Recent_Trends_in_Machine_Learning_IoT_Smart_Cities_and_Applications_ICMISC_2022_-_Vinit_Kumar_Gunjan.pdf
[2026-03-20 09:39:36] TEXT: _OceanofPDF.com_Ultimate_Kotlin_Multiplatform_-_Gowtham_Shanmugaraj_Ganesan.pdf
[2026-03-20 09:39:42] TEXT: _OceanofPDF.com_Creating_IOS_Apps_-_Richard_Warren.pdf
[2026-03-20 09:39:51] TEXT: _OceanofPDF.com_Professional_iOS_Database_Application_Prog_-_Patrick_Alessi.pdf
[2026-03-20 09:39:57] SUMMARY: _OceanofPDF.com_Raspberry_Pi_Full_Stack_-_Peter_Dalmaris.pdf
[2026-03-20 09:40:03] TEXT: _OceanofPDF.com_Mastering_Flutter_Learn_to_develop_Flutter_apps_-_Kevin_Moore.pdf
[2026-03-20 09:40:09] TEXT: _OceanofPDF.com_Hands-On_Mobile_and_Embedded_Development_w_-_Lorn_Potter.pdf
[2026-03-20 09:40:17] SUMMARY: _OceanofPDF.com_Practical_IoT_Hacking_-_Fotios_Chantzis.pdf
[2026-03-20 09:40:19] SUMMARY: _OceanofPDF.com_Full_Stack_Web_Development_-_Philip_Ackermann.pdf
[2026-03-20 09:40:43] SUMMARY: _OceanofPDF.com_AI_and_ML-Driven_Cybersecurity_with_Python_-_Atdhe_Buja.pdf
[2026-03-20 09:40:58] SUMMARY: _OceanofPDF.com_Artificial_Intelligence_IOT_and_machine_L_-_Praveen_Donepudi.pdf
[2026-03-20 09:41:13] SUMMARY: _OceanofPDF.com_Proceedings_of_3rd_International_Conference_on_Recent_Trends_in_Machine_Learning_IoT_Smart_Cities_and_Applications_ICMISC_2022_-_Vinit_Kumar_Gunjan.pdf
[2026-03-20 09:41:24] SUMMARY: _OceanofPDF.com_Raspberry_Pi_Projects_IoT_and_Home_Automation_-_STEM_School.pdf
[2026-03-20 09:41:35] SUMMARY: _OceanofPDF.com_Raspberry_Pi_Full_Stack_-_Peter_Dalmaris.pdf
[2026-03-20 09:41:48] SUMMARY: _OceanofPDF.com_Getting_Started_with_FPGAs_-_Russell_Merrick.pdf
[2026-03-20 09:42:02] SUMMARY: _OceanofPDF.com_Full_Stack_Web_Development_-_Philip_Ackermann.pdf
[2026-03-20 09:42:18] SUMMARY: _OceanofPDF.com_Synthesizable_VHDL_Design_for_FPGAs_-_Eduardo_Augusto_Bezerra.pdf
[2026-03-20 09:42:32] SUMMARY: _OceanofPDF.com_Artificial_Intelligence_IOT_and_machine_L_-_Praveen_Donepudi.pdf
[2026-03-20 09:42:46] SUMMARY: _OceanofPDF.com_Verilog_Frequently_Asked_Questions_-_Shivakumar_Chonnad.pdf
[2026-03-20 09:42:54] Found 278 total PDFs
[2026-03-20 09:42:54] TEXT: _OceanofPDF.com_Practical_Mobile_Forensics_Fourth_Edition_-_Satish_Bommisetty.pdf
[2026-03-20 09:43:00] SUMMARY: _OceanofPDF.com_Raspberry_Pi_Projects_IoT_and_Home_Automation_-_STEM_School.pdf
[2026-03-20 09:43:04] TEXT: _OceanofPDF.com_SwiftUI_Essentials_-_iOS_15_Edition_-_Neil_Smyth.pdf
[2026-03-20 09:43:14] === PROGRESS: 247/278 text, 203/278 summarized, 7 errors ===
[2026-03-20 09:43:27] SUMMARY: _OceanofPDF.com_Getting_Started_with_FPGAs_-_Russell_Merrick.pdf
[2026-03-20 09:43:46] SUMMARY: _OceanofPDF.com_Synthesizable_VHDL_Design_for_FPGAs_-_Eduardo_Augusto_Bezerra.pdf
[2026-03-20 09:44:04] SUMMARY: _OceanofPDF.com_Verilog_Frequently_Asked_Questions_-_Shivakumar_Chonnad.pdf
[2026-03-20 09:44:22] === PROGRESS: 256/278 text, 203/278 summarized, 7 errors ===
[2026-03-20 09:46:37] Found 278 total PDFs
[2026-03-20 09:46:37] TEXT: _OceanofPDF.com_iOS_App_Development_For_Beginners_-_Nathan_Sebhastian.pdf
[2026-03-20 09:46:41] TEXT: _OceanofPDF.com_Ultimate_SwiftUI_Handbook_-_Duong_Dinh_Bao_James_Thang.pdf
[2026-03-20 09:46:44] TEXT: _OceanofPDF.com_Learning_Unreal_R_Engine_iOS_Game_Development_-_Muhammad_A_Moniem.pdf
[2026-03-20 09:46:46] SUMMARY: _OceanofPDF.com_Fundamentals_of_Digital_Logic_with_VHDL_Design_-_Stephen_Brown.pdf
[2026-03-20 09:47:33] SUMMARY: _OceanofPDF.com_Mastering_Verilog_for_FPGA_Design_-_Majid_Pakdel.pdf
[2026-03-20 09:47:50] SUMMARY: _OceanofPDF.com_Digital_Electronics_and_Design_with_VHDL_-_Volnei_A_Pedroni.pdf
[2026-03-20 09:48:39] SUMMARY: _OceanofPDF.com_Digital_Design_Using_VHDL_-_William_J_Dally.pdf
[2026-03-20 09:49:05] SUMMARY: _OceanofPDF.com_Computer_Architecture_Tutorial_Using_an_FP_-_Robert_Dunne.pdf
[2026-03-20 09:49:29] SUMMARY: _OceanofPDF.com_Quick_Start_Guide_to_Verilog_-_Brock_J_LaMeres.pdf
[2026-03-20 09:49:44] SUMMARY: _OceanofPDF.com_Fundamentals_of_VHDL_for_FPGA_Programming_-_Majid_Pakdel-1.pdf
[2026-03-20 09:50:03] SUMMARY: _OceanofPDF.com_Practical_Digital_Design_-_Bruce_Reidenbach.pdf
[2026-03-20 09:50:27] SUMMARY: _OceanofPDF.com_Introduction_to_Logic_Circuits_n_Logic_Des_-_Brock_J_LaMeres.pdf
[2026-03-20 09:50:47] SUMMARY: _OceanofPDF.com_Fundamentals_of_VHDL_for_FPGA_Programming_-_Majid_Pakdel.pdf
[2026-03-20 09:51:07] === PROGRESS: 259/278 text, 213/278 summarized, 7 errors ===
[2026-03-20 09:51:18] Found 278 total PDFs
[2026-03-20 09:51:18] SUMMARY: _OceanofPDF.com_Verilog_HDL_-_Samir_Palnitkar.pdf
[2026-03-20 09:51:36] SUMMARY: _OceanofPDF.com_State_Machines_using_VHDL_FPGA_Implementation_-_Orhan_Gazi.pdf
[2026-03-20 09:51:43] Found 278 total PDFs
[2026-03-20 09:51:43] SUMMARY: _OceanofPDF.com_State_Machines_using_VHDL_FPGA_Implementation_-_Orhan_Gazi.pdf
[2026-03-20 09:51:53] SUMMARY: _OceanofPDF.com_Digital_Logic_Circuits_With_VHDL_-_A_Nagoor_Kani.pdf
[2026-03-20 09:52:00] SUMMARY: _OceanofPDF.com_Digital_Logic_Circuits_With_VHDL_-_A_Nagoor_Kani.pdf
[2026-03-20 09:52:47] SUMMARY: _OceanofPDF.com_FPGA_Programming_and_Hardware_Essentials_-_Dogan_Ibrahim.pdf
[2026-03-20 09:52:55] SUMMARY: _OceanofPDF.com_FPGA_Programming_and_Hardware_Essentials_-_Dogan_Ibrahim.pdf
[2026-03-20 09:53:08] SUMMARY: _OceanofPDF.com_Getting_Started_with_FPGAs_-_Russell_Merrick-1.pdf
[2026-03-20 09:53:15] SUMMARY: _OceanofPDF.com_Getting_Started_with_FPGAs_-_Russell_Merrick-1.pdf
[2026-03-20 09:53:29] SUMMARY: _OceanofPDF.com_Logic_Synthesis_and_SOC_Prototyping_-_Vaibbhav_Taraate.pdf
[2026-03-20 09:53:40] SUMMARY: _OceanofPDF.com_Logic_Synthesis_and_SOC_Prototyping_-_Vaibbhav_Taraate.pdf
[2026-03-20 09:53:52] SUMMARY: _OceanofPDF.com_Ultimate_Firebase_for_iOS_-_Duong_Dinh_Bao_James_Thang.pdf
[2026-03-20 09:54:02] SUMMARY: _OceanofPDF.com_Ultimate_Firebase_for_iOS_-_Duong_Dinh_Bao_James_Thang.pdf
[2026-03-20 09:54:14] SUMMARY: _OceanofPDF.com_Take_Control_of_iOS_18_and_iPadOS_18_-_Josh_Centers.pdf
[2026-03-20 09:54:25] SUMMARY: _OceanofPDF.com_Take_Control_of_iOS_18_and_iPadOS_18_-_Josh_Centers.pdf
[2026-03-20 09:54:41] SUMMARY: _OceanofPDF.com_Build_IOS_Games_with_Sprite_Kit_-_Jonathan_Penn.pdf
[2026-03-20 09:54:53] SUMMARY: _OceanofPDF.com_Build_IOS_Games_with_Sprite_Kit_-_Jonathan_Penn.pdf
[2026-03-20 09:55:05] SUMMARY: _OceanofPDF.com_Building_Cross-Platform_Apps_with_Flutter_-_Deven_Joshi.pdf
[2026-03-20 09:55:16] SUMMARY: _OceanofPDF.com_Building_Cross-Platform_Apps_with_Flutter_-_Deven_Joshi.pdf
[2026-03-20 09:55:26] === PROGRESS: 259/278 text, 223/278 summarized, 7 errors ===
[2026-03-20 09:55:34] SUMMARY: _OceanofPDF.com_App_Development_Using_iOS_iCloud_-_Shantanu_Baruah.pdf
[2026-03-20 09:55:56] === PROGRESS: 259/278 text, 224/278 summarized, 7 errors ===
[2026-03-20 09:57:31] Found 278 total PDFs
[2026-03-20 09:57:31] SUMMARY: _OceanofPDF.com_More_iPhone_Development_with_Swift_Exploring_the_IOS_SDK_-_Dave_Mark.pdf
[2026-03-20 09:57:49] SUMMARY: _OceanofPDF.com_Extreme_Mobile_iOS_Frameworks_-_Charlie_Cocchiaro.pdf
[2026-03-20 09:58:02] SUMMARY: _OceanofPDF.com_Animating_SwiftUI_Applications_-_Stephen_DeStefano.pdf
[2026-03-20 09:58:19] SUMMARY: _OceanofPDF.com_UI_Design_for_iOS_App_Development_-_Bear_Cahill.pdf
[2026-03-20 09:58:30] SUMMARY: _OceanofPDF.com_IOS_8_Swift_Programming_Cookbook_-_Vandad_Nahavandipoor.pdf
[2026-03-20 09:58:53] SUMMARY: _OceanofPDF.com_iOS_Development_at_Scale_-_Eric_Vennaro.pdf
[2026-03-20 09:59:12] SUMMARY: _OceanofPDF.com_Test-Driven_iOS_Development_1st_Edition_-_Graham_Lee.pdf
[2026-03-20 09:59:27] SUMMARY: _OceanofPDF.com_Creating_IOS_Apps_-_Richard_Warren-1.pdf
[2026-03-20 09:59:47] SUMMARY: _OceanofPDF.com_Learning_Mobile_App_Development_A_Hands-on_Guide_to_Building_Apps_with_iOS_and_Android_-_Jakob_Iversen.pdf
[2026-03-20 10:00:05] SUMMARY: _OceanofPDF.com_Creating_iOS_apps_with_Xcode_-_Aaron_L_Bratcher.pdf
[2026-03-20 10:00:23] === PROGRESS: 259/278 text, 234/278 summarized, 7 errors ===
[2026-03-20 10:02:19] Found 278 total PDFs
[2026-03-20 10:02:19] SUMMARY: _OceanofPDF.com_Learning_iOS_8_for_Enterprise_-_Mayank_Birani.pdf
[2026-03-20 10:02:34] SUMMARY: _OceanofPDF.com_Beginning_iOS_Development_with_Swift__Crea_-_PawPrints_Technologies.pdf
[2026-03-20 10:02:47] SUMMARY: _OceanofPDF.com_Beginning_Xamarin_Development_for_the_Mac_-_Dawid_Borycki.pdf
[2026-03-20 10:03:01] SUMMARY: _OceanofPDF.com_Beginning_Swift_Games_Development_for_IOS_-_James_Goodwill.pdf
[2026-03-20 10:03:14] SUMMARY: _OceanofPDF.com_Build_Location-Based_Projects_for_iOS_-_Dominik_Hauser.pdf
[2026-03-20 10:03:32] SUMMARY: _OceanofPDF.com_iOS_Programming__The_Big_Nerd_Ranch_Guide_-_Aaron_Hillegass.pdf
[2026-03-20 10:04:15] SUMMARY: _OceanofPDF.com_An_iOS_Developers_Guide_to_SwiftUI_-_Michele_Fadda.pdf
[2026-03-20 10:06:07] Found 278 total PDFs
[2026-03-20 10:06:07] SUMMARY: _OceanofPDF.com_An_iOS_Developers_Guide_to_SwiftUI_-_Michele_Fadda.pdf
[2026-03-20 10:06:32] SUMMARY: _OceanofPDF.com_Swift_Programming_Build_Powerful_-_Theophilus_Edet.pdf
[2026-03-20 10:06:35] SUMMARY: _OceanofPDF.com_iOS_Unit_Testing_by_Example_-_Jon_Reid.pdf
[2026-03-20 10:07:01] SUMMARY: _OceanofPDF.com_Swift_Programming_-_David_Matthew.pdf
[2026-03-20 10:07:14] SUMMARY: _OceanofPDF.com_iOS_26_Programming_for_Beginners_-_Ahmad_Sahar.pdf
[2026-03-20 10:07:39] SUMMARY: _OceanofPDF.com_Mastering_iOS_18_Development_-_Avi_Tsadok.pdf
[2026-03-20 10:08:14] SUMMARY: _OceanofPDF.com_Introducing_IOS_8_-_Steve_Derico.pdf
[2026-03-20 10:08:27] SUMMARY: _OceanofPDF.com_IOS_8_Programming_Fundamentals_with_Swift_-_Matt_Neuburg.pdf
[2026-03-20 10:08:46] SUMMARY: _OceanofPDF.com_Ultimate_iOS_App_Development_Guide_-_Surabhi_Chopada.pdf
[2026-03-20 10:09:04] SUMMARY: _OceanofPDF.com_Swift_Cookbook_-_Keith_Moon.pdf
[2026-03-20 10:09:26] === PROGRESS: 259/278 text, 250/278 summarized, 7 errors ===
[2026-03-20 10:11:14] Found 278 total PDFs
[2026-03-20 10:11:14] SUMMARY: _OceanofPDF.com_Swift_Recipes_for_iOS_Developers_-_Alexander_Nekrasov.pdf
[2026-03-20 10:11:31] SUMMARY: _OceanofPDF.com_Flutter_App_Development_-_Rap_Payne.pdf
[2026-03-20 10:11:47] SUMMARY: _OceanofPDF.com_Programming_iOS_with_Swift_53_For_Beginne_-_Robert_Kissinger.pdf
[2026-03-20 10:12:03] SUMMARY: _OceanofPDF.com_Learning_IOS_Security_-_Allister_Banks.pdf
[2026-03-20 10:12:21] SUMMARY: _OceanofPDF.com_MacOS_and_iOS_Internals_Volume_II_Kernel_Mode_2nd_ed_-_Jonathan_Levin.pdf
[2026-03-20 10:12:44] SUMMARY: _OceanofPDF.com_Unity_2020_Mobile_Game_Development_Second_-_John_P_Doran.pdf
[2026-03-20 10:13:01] SUMMARY: _OceanofPDF.com_Learn_Swift_on_the_Mac_For_OS_X_and_IOS_-_Waqar_Malik.pdf
[2026-03-20 10:13:18] SUMMARY: _OceanofPDF.com_Beginning_iOS_14_n_Swift_App_Development_-_Lim_Greg.pdf
[2026-03-20 10:13:32] SUMMARY: _OceanofPDF.com_iOS_Cloud_Development_For_Dummies_-_Neal_Goldstein.pdf
[2026-03-20 10:13:53] SUMMARY: _OceanofPDF.com_iOS_14_Programming_Fundamentals_with_Swift_-_Matt_Neuburg.pdf
[2026-03-20 10:14:37] === PROGRESS: 259/278 text, 260/278 summarized, 7 errors ===
[2026-03-20 10:16:27] Found 278 total PDFs
[2026-03-20 10:16:27] SUMMARY: _OceanofPDF.com_Hands-on_iOS_App_Development_Projects_-_Aish_Kodali.pdf
[2026-03-20 10:16:43] SUMMARY: _OceanofPDF.com_Ultimate_Kotlin_Multiplatform_-_Gowtham_Shanmugaraj_Ganesan.pdf
[2026-03-20 10:17:03] SUMMARY: _OceanofPDF.com_Creating_IOS_Apps_-_Richard_Warren.pdf
[2026-03-20 10:17:22] SUMMARY: _OceanofPDF.com_Professional_iOS_Database_Application_Prog_-_Patrick_Alessi.pdf
[2026-03-20 10:17:54] SUMMARY: _OceanofPDF.com_Mastering_Flutter_Learn_to_develop_Flutter_apps_-_Kevin_Moore.pdf
[2026-03-20 10:18:13] SUMMARY: _OceanofPDF.com_Hands-On_Mobile_and_Embedded_Development_w_-_Lorn_Potter.pdf
[2026-03-20 10:18:32] SUMMARY: _OceanofPDF.com_Practical_Mobile_Forensics_Fourth_Edition_-_Satish_Bommisetty.pdf
[2026-03-20 10:18:55] SUMMARY: _OceanofPDF.com_SwiftUI_Essentials_-_iOS_15_Edition_-_Neil_Smyth.pdf
[2026-03-20 10:19:31] SUMMARY: _OceanofPDF.com_iOS_App_Development_For_Beginners_-_Nathan_Sebhastian.pdf
[2026-03-20 10:19:48] SUMMARY: _OceanofPDF.com_Ultimate_SwiftUI_Handbook_-_Duong_Dinh_Bao_James_Thang.pdf
[2026-03-20 10:20:03] === PROGRESS: 259/278 text, 270/278 summarized, 7 errors ===
[2026-03-20 10:21:00] Found 278 total PDFs
[2026-03-20 10:21:00] SUMMARY: _OceanofPDF.com_Learning_Unreal_R_Engine_iOS_Game_Development_-_Muhammad_A_Moniem.pdf
[2026-03-20 10:21:14] === PROGRESS: 259/278 text, 271/278 summarized, 7 errors ===
[2026-03-20 10:25:45] Found 278 total PDFs
[2026-03-20 10:25:45] === PROGRESS: 259/278 text, 271/278 summarized, 7 errors ===
[2026-03-20 10:31:28] Found 278 total PDFs
[2026-03-20 10:31:28] === PROGRESS: 259/278 text, 271/278 summarized, 7 errors ===
[2026-03-20 10:41:00] Found 278 total PDFs
[2026-03-20 10:41:00] === PROGRESS: 259/278 text, 271/278 summarized, 7 errors ===
[2026-03-20 10:51:51] Found 278 total PDFs
[2026-03-20 10:51:51] === PROGRESS: 271/278 text, 271/278 summarized, 7 errors ===
[2026-03-20 11:14:15] Found 278 total PDFs
[2026-03-20 11:14:15] === PROGRESS: 271/278 text, 271/278 summarized, 7 errors ===
[2026-03-20 11:29:57] Found 278 total PDFs
[2026-03-20 11:29:57] === PROGRESS: 271/278 text, 271/278 summarized, 7 errors ===
[2026-03-20 11:47:11] Found 278 total PDFs
[2026-03-20 11:47:11] === PROGRESS: 271/278 text, 271/278 summarized, 7 errors ===
[2026-03-20 11:52:47] Found 278 total PDFs
[2026-03-20 11:52:47] === PROGRESS: 271/278 text, 271/278 summarized, 7 errors ===
[2026-03-20 12:04:40] Found 278 total PDFs
[2026-03-20 12:04:40] === PROGRESS: 271/278 text, 271/278 summarized, 7 errors ===
[2026-03-20 13:16:04] Found 278 total PDFs
[2026-03-20 13:16:04] === PROGRESS: 271/278 text, 271/278 summarized, 7 errors ===
[2026-03-20 13:32:33] Found 278 total PDFs
[2026-03-20 13:32:33] === PROGRESS: 271/278 text, 271/278 summarized, 7 errors ===
[2026-03-20 13:42:05] Found 278 total PDFs
[2026-03-20 13:42:05] === PROGRESS: 271/278 text, 271/278 summarized, 7 errors ===
[2026-03-20 13:52:38] Found 278 total PDFs
[2026-03-20 13:52:38] === PROGRESS: 271/278 text, 271/278 summarized, 7 errors ===
[2026-03-20 14:02:40] Found 278 total PDFs
[2026-03-20 14:02:40] === PROGRESS: 271/278 text, 271/278 summarized, 7 errors ===
[2026-03-20 14:19:04] Found 278 total PDFs
[2026-03-20 14:19:04] === PROGRESS: 271/278 text, 271/278 summarized, 7 errors ===
[2026-03-20 14:22:22] Found 278 total PDFs
[2026-03-20 14:22:22] === PROGRESS: 271/278 text, 271/278 summarized, 7 errors ===
[2026-03-20 14:32:56] Found 278 total PDFs
[2026-03-20 14:32:56] === PROGRESS: 271/278 text, 271/278 summarized, 7 errors ===
[2026-03-20 14:43:49] Found 278 total PDFs
[2026-03-20 14:43:49] === PROGRESS: 271/278 text, 271/278 summarized, 7 errors ===
[2026-03-20 14:53:15] Found 278 total PDFs
[2026-03-20 14:53:15] === PROGRESS: 271/278 text, 271/278 summarized, 7 errors ===
[2026-03-20 15:03:36] Found 278 total PDFs
[2026-03-20 15:03:36] === PROGRESS: 271/278 text, 271/278 summarized, 7 errors ===
[2026-03-20 15:19:39] Found 278 total PDFs
[2026-03-20 15:19:39] === PROGRESS: 271/278 text, 271/278 summarized, 7 errors ===
[2026-03-20 15:32:25] Found 278 total PDFs
[2026-03-20 15:32:25] === PROGRESS: 271/278 text, 271/278 summarized, 7 errors ===
[2026-03-20 15:41:22] Found 278 total PDFs
[2026-03-20 15:41:22] === PROGRESS: 271/278 text, 271/278 summarized, 7 errors ===
[2026-03-20 15:51:11] Found 278 total PDFs
[2026-03-20 15:51:11] === PROGRESS: 271/278 text, 271/278 summarized, 7 errors ===
[2026-03-20 16:16:26] Found 278 total PDFs
[2026-03-20 16:16:26] === PROGRESS: 271/278 text, 271/278 summarized, 7 errors ===
[2026-03-20 16:51:42] Found 278 total PDFs
[2026-03-20 16:51:42] === PROGRESS: 271/278 text, 271/278 summarized, 7 errors ===
[2026-03-20 17:02:14] Found 278 total PDFs
[2026-03-20 17:02:14] === PROGRESS: 271/278 text, 271/278 summarized, 7 errors ===
[2026-03-20 17:16:13] Found 278 total PDFs
[2026-03-20 17:16:13] === PROGRESS: 271/278 text, 271/278 summarized, 7 errors ===
[2026-03-20 17:21:00] Found 278 total PDFs
[2026-03-20 17:21:00] === PROGRESS: 271/278 text, 271/278 summarized, 7 errors ===
[2026-03-20 17:32:23] Found 278 total PDFs
[2026-03-20 17:32:23] === PROGRESS: 271/278 text, 271/278 summarized, 7 errors ===
[2026-03-20 17:41:30] Found 278 total PDFs
[2026-03-20 17:41:30] === PROGRESS: 271/278 text, 271/278 summarized, 7 errors ===
[2026-03-20 17:51:56] Found 278 total PDFs
[2026-03-20 17:51:56] === PROGRESS: 271/278 text, 271/278 summarized, 7 errors ===
[2026-03-20 18:11:27] Found 278 total PDFs
[2026-03-20 18:11:27] === PROGRESS: 271/278 text, 271/278 summarized, 7 errors ===
[2026-03-20 18:21:35] Found 278 total PDFs
[2026-03-20 18:21:35] === PROGRESS: 271/278 text, 271/278 summarized, 7 errors ===
[2026-03-20 18:32:56] Found 278 total PDFs
[2026-03-20 18:32:56] === PROGRESS: 271/278 text, 271/278 summarized, 7 errors ===
[2026-03-20 18:41:30] Found 278 total PDFs
[2026-03-20 18:41:30] === PROGRESS: 271/278 text, 271/278 summarized, 7 errors ===
[2026-03-20 18:50:56] Found 278 total PDFs
[2026-03-20 18:50:56] === PROGRESS: 271/278 text, 271/278 summarized, 7 errors ===
[2026-03-20 19:04:18] Found 278 total PDFs
[2026-03-20 19:04:18] === PROGRESS: 271/278 text, 271/278 summarized, 7 errors ===
[2026-03-20 19:16:32] Found 278 total PDFs
[2026-03-20 19:16:32] === PROGRESS: 271/278 text, 271/278 summarized, 7 errors ===
[2026-03-20 19:21:39] Found 278 total PDFs
[2026-03-20 19:21:39] === PROGRESS: 271/278 text, 271/278 summarized, 7 errors ===
[2026-03-20 19:33:24] Found 278 total PDFs
[2026-03-20 19:33:24] === PROGRESS: 271/278 text, 271/278 summarized, 7 errors ===
[2026-03-20 19:41:23] Found 278 total PDFs
[2026-03-20 19:41:23] === PROGRESS: 271/278 text, 271/278 summarized, 7 errors ===
[2026-03-20 19:52:34] Found 278 total PDFs
[2026-03-20 19:52:34] === PROGRESS: 271/278 text, 271/278 summarized, 7 errors ===
[2026-03-20 20:08:11] Found 278 total PDFs
[2026-03-20 20:08:11] TEXT: _OceanofPDF.com_Internet_of_Things_IoT_and_Wastewater_Reuse_-_AK_Haghi.pdf
[2026-03-20 20:08:12] ERROR extracting: /media/tony/Drive2/IOT/_OceanofPDF.com_Internet_of_Things_IoT_and_Wastewater_Reuse_-_AK_Haghi.pdf
[2026-03-20 20:08:12] TEXT: _OceanofPDF.com_Internet_of_Things_IoT_and_Wastewater_Reuse_-_AK_Haghi.pdf
[2026-03-20 20:08:12] ERROR extracting: /media/tony/Drive2/Full_Stack_Dev/_OceanofPDF.com_Internet_of_Things_IoT_and_Wastewater_Reuse_-_AK_Haghi.pdf
[2026-03-20 20:08:12] TEXT: _OceanofPDF.com_Android_Programming_Made_Simple_-_Mark_Stokes.pdf
[2026-03-20 20:08:13] ERROR extracting: /media/tony/Drive2/Android/_OceanofPDF.com_Android_Programming_Made_Simple_-_Mark_Stokes.pdf
[2026-03-20 20:08:13] TEXT: _OceanofPDF.com_Barcodes_with_iOS_-_Oliver_Drobnik.pdf
[2026-03-20 20:08:14] ERROR extracting: /media/tony/Drive2/IOS/_OceanofPDF.com_Barcodes_with_iOS_-_Oliver_Drobnik.pdf
[2026-03-20 20:08:14] TEXT: _OceanofPDF.com_Lean_Mobile_App_Development_-_Mike_van_Drongelen.pdf
[2026-03-20 20:10:15] ERROR: Command '['python3', '/media/tony/Drive2/Programs/pdf_to_text/pdf_to_text.py', '/media/tony/Drive2/IOS/_OceanofPDF.com_Lean_Mobile_App_Development_-_Mike_van_Drongelen.pdf', '/media/tony/Drive2/Programs/pdf_to_text/extracted/_OceanofPDF.com_Lean_Mobile_App_Development_-_Mike_van_Drongelen.txt']' timed out after 120 seconds
[2026-03-20 20:10:15] TEXT: _OceanofPDF.com_Learn_IOS_8_App_Development_-_James_Bucanek.pdf
[2026-03-20 20:10:15] ERROR extracting: /media/tony/Drive2/IOS/_OceanofPDF.com_Learn_IOS_8_App_Development_-_James_Bucanek.pdf
[2026-03-20 20:10:15] TEXT: _OceanofPDF.com_Beginning_iPhone_Development_Exploring_the_IOS_SDK_-_Dave_Mark.pdf
[2026-03-20 20:10:16] ERROR extracting: /media/tony/Drive2/IOS/_OceanofPDF.com_Beginning_iPhone_Development_Exploring_the_IOS_SDK_-_Dave_Mark.pdf
[2026-03-20 20:10:16] SUMMARY: _OceanofPDF.com_Learn_Penetration_Testing_with_Python_3x_-_Yehia_Elghaly.pdf
[2026-03-20 20:11:46] SUMMARY: _OceanofPDF.com_Treading_on_Python_Series__Illustrated_Gui_-_Matt_Harrison.pdf
[2026-03-20 20:12:06] SUMMARY: _OceanofPDF.com_How_to_Code_in_Python_3_-_Lisa_Tagliaferri.pdf
[2026-03-20 20:12:24] SUMMARY: _OceanofPDF.com_Python_3_and_Feature_Engineering_-_Oswald_Campesato.pdf
[2026-03-20 20:12:44] SUMMARY: _OceanofPDF.com_Python_-_Andy_Vickler.pdf
[2026-03-20 20:13:00] SUMMARY: _OceanofPDF.com_Python_3_Image_Processing_-_Ashwin_Pajankar.pdf
[2026-03-20 20:13:19] SUMMARY: _OceanofPDF.com_Network_Automation_using_Python_3_-_Jithin_Alex.pdf
[2026-03-20 20:13:32] SUMMARY: _OceanofPDF.com_Python_GUI_Programming_with_PyQt_-_Nathan_Metzler.pdf
[2026-03-20 20:13:45] SUMMARY: _OceanofPDF.com_The_Coders_Apprentice_-_Pieter_Spronck.pdf
[2026-03-20 20:14:07] SUMMARY: _OceanofPDF.com_Quick_Python_3_1_-_Matuszek_David.pdf
[2026-03-20 20:14:21] === PROGRESS: 79/278 text, 10/278 summarized, 7 errors ===
[2026-03-20 20:24:31] Found 278 total PDFs
[2026-03-20 20:24:31] SUMMARY: _OceanofPDF.com_Hands-On_Machine_Learning_with_Scikit-Learn_Keras_and_Tensorflow_-_Aurelien_Geron.pdf
[2026-03-20 20:25:07] SUMMARY: _OceanofPDF.com_Python_3_Web_Development_Beginners_Guide_-_Michel_Anders.pdf
[2026-03-20 20:25:27] SUMMARY: _OceanofPDF.com_Python_3_Object-Oriented_Programming_-_Dusty_Phillips.pdf
[2026-03-20 20:26:15] SUMMARY: _OceanofPDF.com_Python_3_Programming_and_GUIs_-_Andrew_Pratt.pdf
[2026-03-20 20:26:33] SUMMARY: _OceanofPDF.com_Python__3_books_in_1__Beginners_guide_Da_-_William_Dimick.pdf
[2026-03-20 20:26:49] SUMMARY: _OceanofPDF.com_Practical_Python_Programming_for_IoT_-_Gary_Smart.pdf
[2026-03-20 20:27:11] SUMMARY: _OceanofPDF.com_CPython_Internals_-_Anthony_Shaw.pdf
[2026-03-20 20:27:38] SUMMARY: _OceanofPDF.com_Python_-_Andy_Vickler-1.pdf
[2026-03-20 20:27:52] SUMMARY: _OceanofPDF.com_Data_Wrangling_Using_Pandas_SQL_and_Java_-_Oswald_Campesato.pdf
[2026-03-20 20:28:11] SUMMARY: _OceanofPDF.com_Rust_Programming_For_Beginners_-_Voltaire_Lumiere.pdf
[2026-03-20 20:28:26] === PROGRESS: 79/278 text, 20/278 summarized, 7 errors ===
[2026-03-20 20:33:05] Found 278 total PDFs
[2026-03-20 20:33:05] SUMMARY: _OceanofPDF.com_The_Rust_Programming_Language_3E_-_Steve_Klabnik.pdf
[2026-03-20 20:33:29] SUMMARY: _OceanofPDF.com_Rust_For_Database_-_Patrick_Radcliffe.pdf
[2026-03-20 20:33:48] SUMMARY: _OceanofPDF.com_Rust_for_Rustaceans_-_Jon_Gjengset.pdf
[2026-03-20 20:34:07] SUMMARY: _OceanofPDF.com_Rust_Web_Programming_-_Third_Edition_-_Maxwell_Flitton.pdf
[2026-03-20 20:34:25] SUMMARY: _OceanofPDF.com_Mastering_Rust_-_Rahul_Sharma.pdf
[2026-03-20 20:34:53] SUMMARY: _OceanofPDF.com_Rust_for_Network_Programming_and_Automation_2E_-_Gilbert_Stew.pdf
[2026-03-20 20:35:14] SUMMARY: _OceanofPDF.com_Rust__The_Ultimate_Beginners_Guide_to_Lea_-_John_Bach.pdf
[2026-03-20 20:35:25] SUMMARY: _OceanofPDF.com_Programming_Rust_3rd_Edition_Early_Release_-_Jim_Blandy.pdf
[2026-03-20 20:35:41] SUMMARY: _OceanofPDF.com_Practical_Rust_1x_Cookbook_Second_Edition_-_Lloyd_Frank.pdf
[2026-03-20 20:35:58] SUMMARY: _OceanofPDF.com_Rust_Programming_In_8_Hours_For_Beginner_-_Ray_Yao.pdf
[2026-03-20 20:36:19] Found 278 total PDFs
[2026-03-20 20:36:19] SUMMARY: _OceanofPDF.com_Rust_Programming_In_8_Hours_For_Beginner_-_Ray_Yao.pdf
[2026-03-20 20:36:29] SUMMARY: _OceanofPDF.com_The_Rust_Programming_Language_2nd_Edition_-_Steve_Klabnik.pdf
[2026-03-20 20:36:56] SUMMARY: _OceanofPDF.com_Rust_Web___Programming_-_Maxwell_Flitton.pdf
[2026-03-20 20:37:22] SUMMARY: _OceanofPDF.com_Practical_System_Programming_for_Rust_Deve_-_Prabhu_Eshwarla.pdf
[2026-03-20 20:37:53] SUMMARY: _OceanofPDF.com_Hands-On_Functional_Programming_in_Rust_-_Andrew_Johnson.pdf
[2026-03-20 20:38:13] SUMMARY: _OceanofPDF.com_The_Rust_Programming_Language_-_Evan_Pradipta_Hardinatha.pdf
[2026-03-20 20:38:28] SUMMARY: _OceanofPDF.com_Rust_for_Rustaceans_Idiomatic_Programming_for_Experienced_Developers_-_Jon_Gjengset.pdf
[2026-03-20 20:38:46] SUMMARY: _OceanofPDF.com_Fullstack_Rust_-_Andy_Weiss.pdf
[2026-03-20 20:39:04] SUMMARY: _OceanofPDF.com_Rust_Web_Programming_A_hands-on_guide_to_developing_packaging_and_deploying_fully_functional_Rust_web_applications_Second_Edition_-_Maxwell_Flitton.pdf
[2026-03-20 20:39:39] SUMMARY: _OceanofPDF.com_Asynchronous_Programming_in_Rust_-_Carl_Fredrik_Samson.pdf
[2026-03-20 20:40:00] === PROGRESS: 79/278 text, 39/278 summarized, 7 errors ===
[2026-03-20 20:51:36] Found 278 total PDFs
[2026-03-20 20:51:36] SUMMARY: _OceanofPDF.com_Zero_To_Production_In_Rust_-_Luca_Palmieri.pdf
[2026-03-20 20:52:05] SUMMARY: _OceanofPDF.com_Rust_High_Performance_-_Iban_Eguia_Moraza.pdf
[2026-03-20 20:52:20] SUMMARY: _OceanofPDF.com_Practical_WebAssembly_-_Sendil_Kumar_Nellaiyapen.pdf
[2026-03-20 20:52:39] SUMMARY: _OceanofPDF.com_Programming_with_Rust_Final_Release_-_Donis_Marshall.pdf
[2026-03-20 20:52:55] SUMMARY: _OceanofPDF.com_Rust_Programming_A_Practical_Guide_-_Nouman_Azam.pdf
[2026-03-20 20:53:20] SUMMARY: _OceanofPDF.com_Learning_Techniques_for_the_IoT_-_Praveen_Kumar_Donta.pdf
[2026-03-20 21:07:09] Found 278 total PDFs
[2026-03-20 21:07:09] SUMMARY: _OceanofPDF.com_Learning_Techniques_for_the_IoT_-_Praveen_Kumar_Donta.pdf
[2026-03-20 21:07:28] SUMMARY: _OceanofPDF.com_Secure_Edge_Computing_for_IoT_-_Oluyemi_James_Odeyinka.pdf
[2026-03-20 21:07:53] SUMMARY: _OceanofPDF.com_Practical_IoT_Hacking_-_Fotios_Chantzis.pdf
[2026-03-20 21:08:16] SUMMARY: _OceanofPDF.com_Home_Appliance_Hack-and-IoT_Guidebook_-_Hans_Henrik_Skovgaard.pdf
[2026-03-20 21:08:40] SUMMARY: _OceanofPDF.com_AI_and_ML-Driven_Cybersecurity_with_Python_-_Atdhe_Buja.pdf
[2026-03-20 21:08:58] SUMMARY: _OceanofPDF.com_Proceedings_of_3rd_International_Conference_on_Recent_Trends_in_Machine_Learning_IoT_Smart_Cities_and_Applications_ICMISC_2022_-_Vinit_Kumar_Gunjan.pdf
[2026-03-20 21:09:20] SUMMARY: _OceanofPDF.com_IoT_Fundamentals_-_David_Hanes_Gonzalo_Salgueiro.pdf
[2026-03-20 21:09:37] SUMMARY: _OceanofPDF.com_Introduction_to_Internet_of_Things_IoT_-_Ahmed_Banafa.pdf
[2026-03-20 21:09:53] SUMMARY: _OceanofPDF.com_Artificial_Intelligence_Big_Data_and_IoT_-_Rajesh_Singh.pdf
[2026-03-20 21:11:57] SUMMARY: _OceanofPDF.com_Network_Optimization_in_Intelligent_IoT_-_Payal_Khurana_Batra.pdf
[2026-03-20 21:23:01] Found 278 total PDFs
[2026-03-20 21:23:01] SUMMARY: _OceanofPDF.com_Network_Optimization_in_Intelligent_IoT_-_Payal_Khurana_Batra.pdf
[2026-03-20 21:23:22] SUMMARY: _OceanofPDF.com_Mastering_IoT_For_Industrial_Environments_-_Shrey_Sharma.pdf
[2026-03-20 21:23:41] SUMMARY: _OceanofPDF.com_Internet_of_Things_for_Architects_-_Perry_Lea.pdf
[2026-03-20 21:24:06] SUMMARY: _OceanofPDF.com_Optimising_IoT_Networks_-_Suvarna_Patil.pdf
[2026-03-20 21:24:28] SUMMARY: _OceanofPDF.com_DevOps_for_Trustworthy_Smart_IoT_Systems_-_Nicolas_Ferry.pdf
[2026-03-20 21:25:17] SUMMARY: _OceanofPDF.com_An_Introduction_to_IoT_Analytics_-_Harry_G_Perros.pdf
[2026-03-20 21:25:45] SUMMARY: _OceanofPDF.com_Introduction_to_Cybersecurity_in_the_IoT_-_Keke_Gai.pdf
[2026-03-20 21:26:07] SUMMARY: _OceanofPDF.com_Antennas_for_IoT_-_Prutha_P_Kulkarni.pdf
[2026-03-20 21:26:26] SUMMARY: _OceanofPDF.com_Beginning_MicroPython_with_Raspberry_Pi_Pico_-_Charles_Bell.pdf
[2026-03-20 21:26:42] SUMMARY: _OceanofPDF.com_ESP32_Arduino_Programming_Essentials_-_Sarful_Hassan.pdf
[2026-03-20 21:27:00] === PROGRESS: 79/278 text, 63/278 summarized, 7 errors ===
[2026-03-20 21:32:49] Found 278 total PDFs
[2026-03-20 21:32:49] SUMMARY: _OceanofPDF.com_Mastering_ESP32_with_Arduino_IDE_Cookbook_-_Furuta_Kimiko-1.pdf
[2026-03-20 21:33:05] SUMMARY: _OceanofPDF.com_Python_Programming_Recipes_for_IoT_-_Jivan_S_Parab.pdf
[2026-03-20 21:33:23] SUMMARY: _OceanofPDF.com_Python_Programming_Handbook_For_IoT_Development_-_Hazel_Mackay.pdf
[2026-03-20 21:33:37] SUMMARY: _OceanofPDF.com_Fostering_ML_and_IoT_for_Blockchain_-_Khaleel_Ahmad.pdf
[2026-03-20 21:33:52] SUMMARY: _OceanofPDF.com_IoT-enabled_Sensor_Networks_Architecture_-_Samayveer_Singh.pdf
[2026-03-20 21:41:22] Found 278 total PDFs
[2026-03-20 21:41:22] SUMMARY: _OceanofPDF.com_IoT-enabled_Sensor_Networks_Architecture_-_Samayveer_Singh.pdf
[2026-03-20 21:42:44] SUMMARY: _OceanofPDF.com_CrateDB_for_IoT_and_Machine_Data_-_William_Smith.pdf
[2026-03-20 21:43:00] SUMMARY: _OceanofPDF.com_Computer_Vision_Image_Generation_and_IoT_AI_-_Et_Tu_Code.pdf
[2026-03-20 21:43:18] SUMMARY: _OceanofPDF.com_Artificial_Intelligence_IOT_and_machine_L_-_Praveen_Donepudi.pdf
[2026-03-20 21:43:32] SUMMARY: _OceanofPDF.com_Raspberry_Pi_Projects_IoT_and_Home_Automation_-_STEM_School.pdf
[2026-03-20 21:43:47] SUMMARY: _OceanofPDF.com_Developing_IoT_Projects_with_ESP32_-_Vedat_Ozan_Oner.pdf
[2026-03-20 21:44:00] SUMMARY: _OceanofPDF.com_The_Complete_Guide_To_Esp32_And_Arduino_-_Roronoa_Hatake.pdf
[2026-03-20 21:44:14] SUMMARY: _OceanofPDF.com_IoT_Projects_with_NVIDIA_Jetson_Nano_-_Agus_Kurniawan.pdf
[2026-03-20 21:44:28] SUMMARY: _OceanofPDF.com_Python_Programming_Workbook_-_Alex_J_Collins.pdf
[2026-03-20 21:44:43] SUMMARY: _OceanofPDF.com_EXPLORE_ESP32_MICROPYTHON_-_Akira_Shiro.pdf
[2026-03-20 21:44:56] === PROGRESS: 79/278 text, 77/278 summarized, 7 errors ===
[2026-03-20 21:51:39] Found 278 total PDFs
[2026-03-20 21:51:39] SUMMARY: _OceanofPDF.com_Mastering_The_Esp32_IOT_Projects_With_Arduino_-_Mikasa_Mizuki.pdf
[2026-03-20 21:51:55] SUMMARY: _OceanofPDF.com_Data_Privacy_-_Walter_Rocchi.pdf
[2026-03-20 21:52:16] SUMMARY: _OceanofPDF.com_System_Design_Using_the_IoT_with_DL_-_Arpan_Deyasi.pdf
[2026-03-20 21:52:30] SUMMARY: _OceanofPDF.com_Practical_Python_Programming_for_IoT_-_Gary_Smart.pdf
[2026-03-20 21:52:51] SUMMARY: _OceanofPDF.com_Hands-On_AI_for_IoT_2nd_Edition_-_Dr_Amita_Kapoor.pdf
[2026-03-20 22:02:44] Found 278 total PDFs
[2026-03-20 22:02:44] SUMMARY: _OceanofPDF.com_Hands-On_AI_for_IoT_2nd_Edition_-_Dr_Amita_Kapoor.pdf
[2026-03-20 22:03:33] SUMMARY: _OceanofPDF.com_Smart_Infrastructures_in_the_IoT_Era_-_Fadi_Al-Turjman.pdf
[2026-03-20 22:04:07] SUMMARY: _OceanofPDF.com_IoT_Signal_Detection_-_Rui_Han.pdf
[2026-03-20 22:04:23] SUMMARY: _OceanofPDF.com_Industrial_IoT_and_Advanced_Techniques_-_Kanak_Kalita.pdf
[2026-03-20 22:17:56] Found 278 total PDFs
[2026-03-20 22:17:56] SUMMARY: _OceanofPDF.com_Industrial_IoT_and_Advanced_Techniques_-_Kanak_Kalita.pdf
[2026-03-20 22:18:26] SUMMARY: _OceanofPDF.com_LIFE_OF_AI__A_Complete_Guide_2020_Beginne_-_WILLIAM_KRYSTAL.pdf
[2026-03-20 22:19:17] SUMMARY: _OceanofPDF.com_Integration_of_Cloud_Computing_and_IoT_-_Prabh_Deep_Singh.pdf
[2026-03-20 22:19:48] SUMMARY: _OceanofPDF.com_Cellular_IoT_From_5G_to_5G_Advanced_-_Olof_Liberg.pdf
[2026-03-20 22:32:36] Found 278 total PDFs
[2026-03-20 22:32:36] SUMMARY: _OceanofPDF.com_Cellular_IoT_From_5G_to_5G_Advanced_-_Olof_Liberg.pdf
[2026-03-20 22:32:55] SUMMARY: _OceanofPDF.com_Internet_of_Things_IoT_-_Luis_M_Camarinha-Matos.pdf
[2026-03-20 22:33:21] SUMMARY: _OceanofPDF.com_Learning_Algorithms_for_IoT_-_GR_Kanagachidambaresan.pdf
[2026-03-20 22:33:36] SUMMARY: _OceanofPDF.com_100_Essential_ESP32_IOT_Projects_-_Roronoa_Hatake.pdf
[2026-03-20 22:33:47] SUMMARY: _OceanofPDF.com_Video_Data_Analytics_for_Smart_City_Applications_-_Abhishek_Singh_Rathore.pdf
[2026-03-20 22:41:11] Found 278 total PDFs
[2026-03-20 22:41:11] SUMMARY: _OceanofPDF.com_Video_Data_Analytics_for_Smart_City_Applications_-_Abhishek_Singh_Rathore.pdf
[2026-03-20 22:42:33] SUMMARY: _OceanofPDF.com_IoT_Fundamentals_with_a_Practical_Approach_-_Neera_Batra.pdf
[2026-03-20 22:42:53] SUMMARY: _OceanofPDF.com_Security_and_Privacy_for_6G_Massive_IoT_-_Georgios_Mantas.pdf
[2026-03-20 22:43:16] SUMMARY: _OceanofPDF.com_The_ESP32_IoT_Bible_Android_Programming_-_Sanji_Nakamoto.pdf
[2026-03-20 22:43:29] SUMMARY: _OceanofPDF.com_Explainable_IoT_Applications_-_Sachi_Nandan_Mohanty.pdf
[2026-03-20 22:43:47] SUMMARY: _OceanofPDF.com_Fun_with_Raspberry_Pi_A_practical_guide_-_Joaquin_Salgado.pdf
[2026-03-20 22:44:05] SUMMARY: _OceanofPDF.com_Mastering_ESP32_with_Arduino_IDE_Cookbook_-_Furuta_Kimiko.pdf
[2026-03-20 22:44:18] SUMMARY: _OceanofPDF.com_AWS_IoT_With_Edge_ML_and_Cybersecurity_-_Syed_Rehan.pdf
[2026-03-20 22:44:33] SUMMARY: _OceanofPDF.com_Learning_Techniques_for_the_IoT_-_Praveen_Kumar_Donta.pdf
[2026-03-20 22:44:51] SUMMARY: _OceanofPDF.com_Secure_Edge_Computing_for_IoT_-_Oluyemi_James_Odeyinka.pdf
[2026-03-20 22:45:15] === PROGRESS: 79/278 text, 101/278 summarized, 7 errors ===
[2026-03-20 22:53:31] Found 278 total PDFs
[2026-03-20 22:53:31] SUMMARY: _OceanofPDF.com_Practical_IoT_Hacking_-_Fotios_Chantzis.pdf
[2026-03-20 22:53:55] SUMMARY: _OceanofPDF.com_Home_Appliance_Hack-and-IoT_Guidebook_-_Hans_Henrik_Skovgaard.pdf
[2026-03-20 22:54:18] SUMMARY: _OceanofPDF.com_AI_and_ML-Driven_Cybersecurity_with_Python_-_Atdhe_Buja.pdf
[2026-03-20 22:54:35] SUMMARY: _OceanofPDF.com_JavaScript_from_Frontend_to_Backend_-_Eric_Sarrion.pdf
[2026-03-20 22:54:55] SUMMARY: _OceanofPDF.com_Proceedings_of_3rd_International_Conference_on_Recent_Trends_in_Machine_Learning_IoT_Smart_Cities_and_Applications_ICMISC_2022_-_Vinit_Kumar_Gunjan.pdf
[2026-03-20 22:55:14] SUMMARY: _OceanofPDF.com_IoT_Fundamentals_-_David_Hanes_Gonzalo_Salgueiro.pdf
[2026-03-20 22:55:33] SUMMARY: _OceanofPDF.com_Introduction_to_Internet_of_Things_IoT_-_Ahmed_Banafa.pdf
[2026-03-20 22:55:48] SUMMARY: _OceanofPDF.com_Artificial_Intelligence_Big_Data_and_IoT_-_Rajesh_Singh.pdf
[2026-03-20 22:57:37] SUMMARY: _OceanofPDF.com_Full_StackDjango_and_React_-_Kolawole_Mangabo.pdf
[2026-03-20 22:58:01] SUMMARY: _OceanofPDF.com_Mastering_Full-Stack_React_Web_Development_-_Tomasz_Dyl_Kamil_Przeorski_and_Maciej_Czarnecki.pdf
[2026-03-20 22:58:19] === PROGRESS: 79/278 text, 111/278 summarized, 7 errors ===
[2026-03-20 23:03:35] Found 278 total PDFs
[2026-03-20 23:03:35] SUMMARY: _OceanofPDF.com_Network_Optimization_in_Intelligent_IoT_-_Payal_Khurana_Batra.pdf
[2026-03-20 23:03:53] SUMMARY: _OceanofPDF.com_Mastering_IoT_For_Industrial_Environments_-_Shrey_Sharma.pdf
[2026-03-20 23:04:13] SUMMARY: _OceanofPDF.com_Raspberry_Pi_Full_Stack_-_Peter_Dalmaris.pdf
[2026-03-20 23:04:34] SUMMARY: _OceanofPDF.com_Internet_of_Things_for_Architects_-_Perry_Lea.pdf
[2026-03-20 23:04:59] SUMMARY: _OceanofPDF.com_Optimising_IoT_Networks_-_Suvarna_Patil.pdf
[2026-03-20 23:05:21] SUMMARY: _OceanofPDF.com_Essential_ASPNET_Web_Forms_Development_-_Robert_E_Beasley.pdf
[2026-03-20 23:05:53] SUMMARY: _OceanofPDF.com_DevOps_for_Trustworthy_Smart_IoT_Systems_-_Nicolas_Ferry.pdf
[2026-03-20 23:06:39] SUMMARY: _OceanofPDF.com_MEAN_Stack_Web_Development_-_Theophilus_Edet.pdf
[2026-03-20 23:06:41] SUMMARY: _OceanofPDF.com_Full_Stack_Web_Development_-_Philip_Ackermann.pdf
[2026-03-20 23:07:07] SUMMARY: _OceanofPDF.com_An_Introduction_to_IoT_Analytics_-_Harry_G_Perros.pdf
[2026-03-20 23:07:31] === PROGRESS: 79/278 text, 121/278 summarized, 7 errors ===
[2026-03-20 23:18:59] Found 278 total PDFs
[2026-03-20 23:18:59] SUMMARY: _OceanofPDF.com_Introduction_to_Cybersecurity_in_the_IoT_-_Keke_Gai.pdf
[2026-03-20 23:19:24] SUMMARY: _OceanofPDF.com_Antennas_for_IoT_-_Prutha_P_Kulkarni.pdf
[2026-03-20 23:19:44] SUMMARY: _OceanofPDF.com_Beginning_MicroPython_with_Raspberry_Pi_Pico_-_Charles_Bell.pdf
[2026-03-20 23:19:59] SUMMARY: _OceanofPDF.com_ESP32_Arduino_Programming_Essentials_-_Sarful_Hassan.pdf
[2026-03-20 23:20:14] SUMMARY: _OceanofPDF.com_Mastering_ESP32_with_Arduino_IDE_Cookbook_-_Furuta_Kimiko-1.pdf
[2026-03-20 23:20:30] SUMMARY: _OceanofPDF.com_Python_Flask_and_Django_-_Emenwa_Global.pdf
[2026-03-20 23:20:44] SUMMARY: _OceanofPDF.com_Python_Programming_Recipes_for_IoT_-_Jivan_S_Parab.pdf
[2026-03-20 23:20:58] SUMMARY: _OceanofPDF.com_Full_Stack_Web_Development_with_Django_-_Olatunde_Adedeji.pdf
[2026-03-20 23:21:16] SUMMARY: _OceanofPDF.com_Full-Stack_Web_Development_with_Go_-_Nanik_Tolaram.pdf
[2026-03-20 23:21:33] SUMMARY: _OceanofPDF.com_Python_Programming_Handbook_For_IoT_Development_-_Hazel_Mackay.pdf
[2026-03-20 23:21:52] === PROGRESS: 79/278 text, 131/278 summarized, 7 errors ===
[2026-03-20 23:31:32] Found 278 total PDFs
[2026-03-20 23:31:32] SUMMARY: _OceanofPDF.com_Fostering_ML_and_IoT_for_Blockchain_-_Khaleel_Ahmad.pdf
[2026-03-20 23:31:48] SUMMARY: _OceanofPDF.com_IoT-enabled_Sensor_Networks_Architecture_-_Samayveer_Singh.pdf
[2026-03-20 23:33:08] SUMMARY: _OceanofPDF.com_CrateDB_for_IoT_and_Machine_Data_-_William_Smith.pdf
[2026-03-20 23:33:25] SUMMARY: _OceanofPDF.com_Computer_Vision_Image_Generation_and_IoT_AI_-_Et_Tu_Code.pdf
[2026-03-20 23:33:40] SUMMARY: _OceanofPDF.com_Artificial_Intelligence_IOT_and_machine_L_-_Praveen_Donepudi.pdf
[2026-03-20 23:33:56] SUMMARY: _OceanofPDF.com_Raspberry_Pi_Projects_IoT_and_Home_Automation_-_STEM_School.pdf
[2026-03-20 23:34:10] SUMMARY: _OceanofPDF.com_Hands-On_Full_Stack_Development_with_Spring_Boot_20_and_React_-_Juha_Hinkula.pdf
[2026-03-20 23:34:27] SUMMARY: _OceanofPDF.com_Developing_IoT_Projects_with_ESP32_-_Vedat_Ozan_Oner.pdf
[2026-03-20 23:34:41] SUMMARY: _OceanofPDF.com_The_Complete_Guide_To_Esp32_And_Arduino_-_Roronoa_Hatake.pdf
[2026-03-20 23:34:59] SUMMARY: _OceanofPDF.com_IoT_Projects_with_NVIDIA_Jetson_Nano_-_Agus_Kurniawan.pdf
[2026-03-20 23:35:13] === PROGRESS: 79/278 text, 141/278 summarized, 7 errors ===
[2026-03-20 23:41:27] Found 278 total PDFs
[2026-03-20 23:41:27] SUMMARY: _OceanofPDF.com_Python_Programming_Workbook_-_Alex_J_Collins.pdf
[2026-03-20 23:41:40] SUMMARY: _OceanofPDF.com_Mastering_AI_App_Development_with_MERN_Stack_-_Anik_Acharjee.pdf
[2026-03-20 23:41:56] SUMMARY: _OceanofPDF.com_EXPLORE_ESP32_MICROPYTHON_-_Akira_Shiro.pdf
[2026-03-20 23:42:08] SUMMARY: _OceanofPDF.com_Mastering_The_Esp32_IOT_Projects_With_Arduino_-_Mikasa_Mizuki.pdf
[2026-03-20 23:42:23] SUMMARY: _OceanofPDF.com_ASPNET_Core_6_and_Angular_-_Valerio_De_Sanctis.pdf
[2026-03-20 23:42:51] SUMMARY: _OceanofPDF.com_Data_Privacy_-_Walter_Rocchi.pdf
[2026-03-20 23:43:08] SUMMARY: _OceanofPDF.com_System_Design_Using_the_IoT_with_DL_-_Arpan_Deyasi.pdf
[2026-03-20 23:43:25] SUMMARY: _OceanofPDF.com_Practical_Python_Programming_for_IoT_-_Gary_Smart.pdf
[2026-03-20 23:43:47] SUMMARY: _OceanofPDF.com_Hands-On_AI_for_IoT_2nd_Edition_-_Dr_Amita_Kapoor.pdf
[2026-03-20 23:44:31] SUMMARY: _OceanofPDF.com_Smart_Infrastructures_in_the_IoT_Era_-_Fadi_Al-Turjman.pdf
[2026-03-20 23:45:04] === PROGRESS: 79/278 text, 151/278 summarized, 7 errors ===
[2026-03-20 23:51:35] Found 278 total PDFs
[2026-03-20 23:51:35] SUMMARY: _OceanofPDF.com_IoT_Signal_Detection_-_Rui_Han.pdf
[2026-03-20 23:51:54] SUMMARY: _OceanofPDF.com_MERN_Stack_Web_Development_For_Beginners_-_Nathan_Sebhastian.pdf
[2026-03-20 23:52:11] SUMMARY: _OceanofPDF.com_Industrial_IoT_and_Advanced_Techniques_-_Kanak_Kalita.pdf
[2026-03-20 23:52:37] SUMMARY: _OceanofPDF.com_LIFE_OF_AI__A_Complete_Guide_2020_Beginne_-_WILLIAM_KRYSTAL.pdf
[2026-03-20 23:53:26] SUMMARY: _OceanofPDF.com_Integration_of_Cloud_Computing_and_IoT_-_Prabh_Deep_Singh.pdf
[2026-03-21 00:03:29] Found 278 total PDFs
[2026-03-21 00:03:29] SUMMARY: _OceanofPDF.com_Integration_of_Cloud_Computing_and_IoT_-_Prabh_Deep_Singh.pdf
[2026-03-21 00:03:59] SUMMARY: _OceanofPDF.com_Hands-On_Full-Stack_Web_Development_with_G_-_Sebastian_Grebe.pdf
[2026-03-21 00:04:19] SUMMARY: _OceanofPDF.com_Cellular_IoT_From_5G_to_5G_Advanced_-_Olof_Liberg.pdf
[2026-03-21 00:04:36] SUMMARY: _OceanofPDF.com_Internet_of_Things_IoT_-_Luis_M_Camarinha-Matos.pdf
[2026-03-21 00:05:02] SUMMARY: _OceanofPDF.com_Learning_Algorithms_for_IoT_-_GR_Kanagachidambaresan.pdf
[2026-03-21 00:05:18] SUMMARY: _OceanofPDF.com_100_Essential_ESP32_IOT_Projects_-_Roronoa_Hatake.pdf
[2026-03-21 00:05:31] SUMMARY: _OceanofPDF.com_Video_Data_Analytics_for_Smart_City_Applications_-_Abhishek_Singh_Rathore.pdf
[2026-03-21 00:06:52] SUMMARY: _OceanofPDF.com_IoT_Fundamentals_with_a_Practical_Approach_-_Neera_Batra.pdf
[2026-03-21 00:07:07] SUMMARY: _OceanofPDF.com_Introduction_to_full_stack_web_development_-_Emanuele_Panizzi.pdf
[2026-03-21 00:07:24] SUMMARY: _OceanofPDF.com_Security_and_Privacy_for_6G_Massive_IoT_-_Georgios_Mantas.pdf
[2026-03-21 00:07:46] === PROGRESS: 79/278 text, 165/278 summarized, 7 errors ===
[2026-03-21 00:45:37] Found 278 total PDFs
[2026-03-21 00:45:37] SUMMARY: _OceanofPDF.com_The_ESP32_IoT_Bible_Android_Programming_-_Sanji_Nakamoto.pdf
[2026-03-21 00:45:54] SUMMARY: _OceanofPDF.com_Full-Stack_React_Projects_-_Shama_Hoque.pdf
[2026-03-21 00:46:18] SUMMARY: _OceanofPDF.com_Explainable_IoT_Applications_-_Sachi_Nandan_Mohanty.pdf
[2026-03-21 00:46:40] SUMMARY: _OceanofPDF.com_Fun_with_Raspberry_Pi_A_practical_guide_-_Joaquin_Salgado.pdf
[2026-03-21 00:46:54] SUMMARY: _OceanofPDF.com_Mastering_ESP32_with_Arduino_IDE_Cookbook_-_Furuta_Kimiko.pdf
[2026-03-21 00:47:09] SUMMARY: _OceanofPDF.com_AWS_IoT_With_Edge_ML_and_Cybersecurity_-_Syed_Rehan.pdf
[2026-03-21 00:47:24] SUMMARY: _OceanofPDF.com_Mastering_ROS2_and_Python_for_Robotics_-_Thompson_Carter.pdf
[2026-03-21 00:47:46] SUMMARY: _OceanofPDF.com_Mastering_ROS_for_Robotics_Programming_2e_-_Lentin_Joseph.pdf
[2026-03-21 00:48:04] SUMMARY: _OceanofPDF.com_Robot_Operating_System_ROS_Volume_7_-_Anis_Koubaa.pdf
[2026-03-21 00:48:23] SUMMARY: _OceanofPDF.com_Coding_Android_Apps_-_Margaret_Kozak_Polk-1.pdf
[2026-03-21 00:48:40] === PROGRESS: 79/278 text, 175/278 summarized, 7 errors ===
[2026-03-21 00:51:03] Found 278 total PDFs
[2026-03-21 00:51:03] SUMMARY: _OceanofPDF.com_Arduino_Android_Blueprints_-_Marco_Schwartz.pdf
[2026-03-21 00:51:17] SUMMARY: _OceanofPDF.com_Java_for_Android_-_Budi_Kurniawan.pdf
[2026-03-21 00:51:40] SUMMARY: _OceanofPDF.com_Android_Programming__The_Big_Nerd_Ranch_Gu_-_Kristin_Marsicano.pdf
[2026-03-21 00:52:25] SUMMARY: _OceanofPDF.com_Efficient_Android_Coding_with_Kotlin_-_Onyx_Rose.pdf
[2026-03-21 00:52:48] SUMMARY: _OceanofPDF.com_Coding_Android_Apps_-_Margaret_Kozak_Polk.pdf
[2026-03-21 00:53:10] Found 278 total PDFs
[2026-03-21 00:53:10] SUMMARY: _OceanofPDF.com_Coding_Android_Apps_-_Margaret_Kozak_Polk.pdf
[2026-03-21 00:53:23] SUMMARY: _OceanofPDF.com_Professional_Android_Wearables_-_David_Cuartielles_Ruiz.pdf
[2026-03-21 00:53:42] SUMMARY: _OceanofPDF.com_Beginning_Android_Wearables_-_Andres_Calvo.pdf
[2026-03-21 00:53:59] SUMMARY: _OceanofPDF.com_Exploring_SE_for_Android_-_William_Confer.pdf
[2026-03-21 00:54:12] SUMMARY: _OceanofPDF.com_EXPLORE_ESP32_MICROPYTHON_-_Akira_Shiro.pdf
[2026-03-21 00:54:25] SUMMARY: _OceanofPDF.com_The_Android_Hackers_Handbook_-_Joshua_J_Drake.pdf
[2026-03-21 00:54:51] SUMMARY: _OceanofPDF.com_Android_Studio_Essentials_-_Belen_Cruz_Zapata.pdf
[2026-03-21 00:55:02] SUMMARY: _OceanofPDF.com_Android_Security_Cookbook_-_Keith_Makan.pdf
[2026-03-21 00:55:24] SUMMARY: _OceanofPDF.com_Android_For_Dummies_-_Dan_Gookin.pdf
[2026-03-21 00:55:43] SUMMARY: _OceanofPDF.com_Android_Quick_APIs_Reference_-_Onur_Cinar.pdf
[2026-03-21 00:55:57] === PROGRESS: 79/278 text, 189/278 summarized, 7 errors ===
[2026-03-21 01:01:57] Found 278 total PDFs
[2026-03-21 01:01:58] SUMMARY: _OceanofPDF.com_Android_App_Development_-_Dogan_Ibrahim.pdf
[2026-03-21 01:02:22] SUMMARY: _OceanofPDF.com_Hacking_Android_-_Terry_D_Clark.pdf
[2026-03-21 01:02:36] SUMMARY: _OceanofPDF.com_Pro_Android_Games_-_Massimo_Nardone.pdf
[2026-03-21 01:02:51] SUMMARY: _OceanofPDF.com_Getting_Started_with_FPGAs_-_Russell_Merrick.pdf
[2026-03-21 01:03:11] SUMMARY: _OceanofPDF.com_Synthesizable_VHDL_Design_for_FPGAs_-_Eduardo_Augusto_Bezerra.pdf
[2026-03-21 01:03:28] SUMMARY: _OceanofPDF.com_Verilog_Frequently_Asked_Questions_-_Shivakumar_Chonnad.pdf
[2026-03-21 01:03:43] SUMMARY: _OceanofPDF.com_Fundamentals_of_Digital_Logic_with_VHDL_Design_-_Stephen_Brown.pdf
[2026-03-21 01:04:26] SUMMARY: _OceanofPDF.com_Mastering_Verilog_for_FPGA_Design_-_Majid_Pakdel.pdf
[2026-03-21 01:04:39] SUMMARY: _OceanofPDF.com_Digital_Electronics_and_Design_with_VHDL_-_Volnei_A_Pedroni.pdf
[2026-03-21 01:05:13] SUMMARY: _OceanofPDF.com_Digital_Design_Using_VHDL_-_William_J_Dally.pdf
[2026-03-21 01:05:39] === PROGRESS: 79/278 text, 199/278 summarized, 7 errors ===
[2026-03-21 01:22:07] Found 278 total PDFs
[2026-03-21 01:22:07] SUMMARY: _OceanofPDF.com_Computer_Architecture_Tutorial_Using_an_FP_-_Robert_Dunne.pdf
[2026-03-21 01:22:34] SUMMARY: _OceanofPDF.com_Quick_Start_Guide_to_Verilog_-_Brock_J_LaMeres.pdf
[2026-03-21 01:22:49] SUMMARY: _OceanofPDF.com_Fundamentals_of_VHDL_for_FPGA_Programming_-_Majid_Pakdel-1.pdf
[2026-03-21 01:23:07] SUMMARY: _OceanofPDF.com_Practical_Digital_Design_-_Bruce_Reidenbach.pdf
[2026-03-21 01:23:34] SUMMARY: _OceanofPDF.com_Introduction_to_Logic_Circuits_n_Logic_Des_-_Brock_J_LaMeres.pdf
[2026-03-21 01:23:53] SUMMARY: _OceanofPDF.com_Fundamentals_of_VHDL_for_FPGA_Programming_-_Majid_Pakdel.pdf
[2026-03-21 01:24:23] Found 278 total PDFs
[2026-03-21 01:24:23] SUMMARY: _OceanofPDF.com_Fundamentals_of_VHDL_for_FPGA_Programming_-_Majid_Pakdel.pdf
[2026-03-21 01:24:40] SUMMARY: _OceanofPDF.com_Verilog_HDL_-_Samir_Palnitkar.pdf
[2026-03-21 01:24:57] SUMMARY: _OceanofPDF.com_State_Machines_using_VHDL_FPGA_Implementation_-_Orhan_Gazi.pdf
[2026-03-21 01:25:12] SUMMARY: _OceanofPDF.com_Digital_Logic_Circuits_With_VHDL_-_A_Nagoor_Kani.pdf
[2026-03-21 01:26:05] SUMMARY: _OceanofPDF.com_FPGA_Programming_and_Hardware_Essentials_-_Dogan_Ibrahim.pdf
[2026-03-21 01:26:21] SUMMARY: _OceanofPDF.com_Getting_Started_with_FPGAs_-_Russell_Merrick-1.pdf
[2026-03-21 01:26:41] SUMMARY: _OceanofPDF.com_Logic_Synthesis_and_SOC_Prototyping_-_Vaibbhav_Taraate.pdf
[2026-03-21 01:26:56] SUMMARY: _OceanofPDF.com_Ultimate_Firebase_for_iOS_-_Duong_Dinh_Bao_James_Thang.pdf
[2026-03-21 01:27:12] SUMMARY: _OceanofPDF.com_Take_Control_of_iOS_18_and_iPadOS_18_-_Josh_Centers.pdf
[2026-03-21 01:27:27] SUMMARY: _OceanofPDF.com_Build_IOS_Games_with_Sprite_Kit_-_Jonathan_Penn.pdf
[2026-03-21 01:27:45] === PROGRESS: 79/278 text, 214/278 summarized, 7 errors ===
[2026-03-21 01:31:54] Found 278 total PDFs
[2026-03-21 01:31:54] SUMMARY: _OceanofPDF.com_Penetration_Testing_with_Kali_-_Gerald_nquotTrippnquot_Roybal_III.pdf
[2026-03-21 01:32:09] SUMMARY: _OceanofPDF.com_Program_the_Internet_of_Things_with_Swift_for_iOS_-_Ahmed_Bakir.pdf
[2026-03-21 01:32:25] SUMMARY: _OceanofPDF.com_Instant_Passbook_App_Development_for_IOS_How-To_-_Keith_D_Moon.pdf
[2026-03-21 01:32:41] SUMMARY: _OceanofPDF.com_NET_MAUI_Projects_-_Sivaraj_Ambat.pdf
[2026-03-21 01:32:55] SUMMARY: _OceanofPDF.com_Learn_Spritebuilder_for_IOS_Game_Development_-_Steffen_Itterheim.pdf
[2026-03-21 01:33:16] SUMMARY: _OceanofPDF.com_Mastering_SwiftUI_for_iOS_16_and_Xcode_14_-_Simon_Ng.pdf
[2026-03-21 01:40:54] Found 278 total PDFs
[2026-03-21 01:40:54] SUMMARY: _OceanofPDF.com_Mastering_SwiftUI_for_iOS_16_and_Xcode_14_-_Simon_Ng.pdf
[2026-03-21 01:41:38] SUMMARY: _OceanofPDF.com_The_iPhone_iOS_17_Manual_-_August_2024_-_The_iPhone_iOS_17_Manual.pdf
[2026-03-21 01:41:40] SUMMARY: _OceanofPDF.com_Programming_IOS_8_Dive_Deep_Into_Views_View_Controllers_-_Matt_Neuburg.pdf
[2026-03-21 01:42:02] SUMMARY: _OceanofPDF.com_Building_Cross-Platform_Apps_with_Flutter_-_Deven_Joshi.pdf
[2026-03-21 01:42:16] SUMMARY: _OceanofPDF.com_App_Development_Using_iOS_iCloud_-_Shantanu_Baruah.pdf
[2026-03-21 01:42:36] SUMMARY: _OceanofPDF.com_More_iPhone_Development_with_Swift_Exploring_the_IOS_SDK_-_Dave_Mark.pdf
[2026-03-21 01:42:52] SUMMARY: _OceanofPDF.com_Extreme_Mobile_iOS_Frameworks_-_Charlie_Cocchiaro.pdf
[2026-03-21 01:51:00] Found 278 total PDFs
[2026-03-21 01:51:00] SUMMARY: _OceanofPDF.com_Extreme_Mobile_iOS_Frameworks_-_Charlie_Cocchiaro.pdf
[2026-03-21 01:51:18] SUMMARY: _OceanofPDF.com_Animating_SwiftUI_Applications_-_Stephen_DeStefano.pdf
[2026-03-21 01:51:35] SUMMARY: _OceanofPDF.com_UI_Design_for_iOS_App_Development_-_Bear_Cahill.pdf
[2026-03-21 01:51:49] SUMMARY: _OceanofPDF.com_IOS_8_Swift_Programming_Cookbook_-_Vandad_Nahavandipoor.pdf
[2026-03-21 01:52:08] SUMMARY: _OceanofPDF.com_iOS_Development_at_Scale_-_Eric_Vennaro.pdf
[2026-03-21 01:52:25] SUMMARY: _OceanofPDF.com_Test-Driven_iOS_Development_1st_Edition_-_Graham_Lee.pdf
[2026-03-21 01:52:42] SUMMARY: _OceanofPDF.com_Creating_IOS_Apps_-_Richard_Warren-1.pdf
[2026-03-21 02:13:45] Found 278 total PDFs
[2026-03-21 02:13:45] SUMMARY: _OceanofPDF.com_Creating_IOS_Apps_-_Richard_Warren-1.pdf
[2026-03-21 02:14:08] SUMMARY: _OceanofPDF.com_Learning_Mobile_App_Development_A_Hands-on_Guide_to_Building_Apps_with_iOS_and_Android_-_Jakob_Iversen.pdf
[2026-03-21 02:14:30] SUMMARY: _OceanofPDF.com_Creating_iOS_apps_with_Xcode_-_Aaron_L_Bratcher.pdf
[2026-03-21 02:14:49] SUMMARY: _OceanofPDF.com_Learning_iOS_8_for_Enterprise_-_Mayank_Birani.pdf
[2026-03-21 02:15:02] SUMMARY: _OceanofPDF.com_Beginning_iOS_Development_with_Swift__Crea_-_PawPrints_Technologies.pdf
[2026-03-21 02:15:17] SUMMARY: _OceanofPDF.com_Beginning_Xamarin_Development_for_the_Mac_-_Dawid_Borycki.pdf
[2026-03-21 02:15:32] SUMMARY: _OceanofPDF.com_Beginning_Swift_Games_Development_for_IOS_-_James_Goodwill.pdf
[2026-03-21 02:21:36] Found 278 total PDFs
[2026-03-21 02:21:36] SUMMARY: _OceanofPDF.com_Beginning_Swift_Games_Development_for_IOS_-_James_Goodwill.pdf
[2026-03-21 02:21:54] SUMMARY: _OceanofPDF.com_Build_Location-Based_Projects_for_iOS_-_Dominik_Hauser.pdf
[2026-03-21 02:22:12] SUMMARY: _OceanofPDF.com_iOS_Programming__The_Big_Nerd_Ranch_Guide_-_Aaron_Hillegass.pdf
[2026-03-21 02:23:00] SUMMARY: _OceanofPDF.com_An_iOS_Developers_Guide_to_SwiftUI_-_Michele_Fadda.pdf
[2026-03-21 02:25:16] ERROR summarizing: /media/tony/Drive2/IOS/_OceanofPDF.com_An_iOS_Developers_Guide_to_SwiftUI_-_Michele_Fadda.pdf
[2026-03-21 02:25:16] SUMMARY: _OceanofPDF.com_Swift_Programming_Build_Powerful_-_Theophilus_Edet.pdf
[2026-03-21 02:25:20] SUMMARY: _OceanofPDF.com_iOS_Unit_Testing_by_Example_-_Jon_Reid.pdf
[2026-03-21 02:25:48] SUMMARY: _OceanofPDF.com_Swift_Programming_-_David_Matthew.pdf
[2026-03-21 02:26:01] SUMMARY: _OceanofPDF.com_iOS_26_Programming_for_Beginners_-_Ahmad_Sahar.pdf
[2026-03-21 02:26:21] SUMMARY: _OceanofPDF.com_Mastering_iOS_18_Development_-_Avi_Tsadok.pdf
[2026-03-21 02:32:03] Found 278 total PDFs
[2026-03-21 02:32:03] SUMMARY: _OceanofPDF.com_Mastering_iOS_18_Development_-_Avi_Tsadok.pdf
[2026-03-21 02:34:29] ERROR summarizing: /media/tony/Drive2/IOS/_OceanofPDF.com_Mastering_iOS_18_Development_-_Avi_Tsadok.pdf
[2026-03-21 02:34:29] SUMMARY: _OceanofPDF.com_Introducing_IOS_8_-_Steve_Derico.pdf
[2026-03-21 02:34:46] SUMMARY: _OceanofPDF.com_IOS_8_Programming_Fundamentals_with_Swift_-_Matt_Neuburg.pdf
[2026-03-21 02:35:05] SUMMARY: _OceanofPDF.com_Ultimate_iOS_App_Development_Guide_-_Surabhi_Chopada.pdf
[2026-03-21 02:35:23] SUMMARY: _OceanofPDF.com_Swift_Cookbook_-_Keith_Moon.pdf
[2026-03-21 02:35:42] SUMMARY: _OceanofPDF.com_Swift_Recipes_for_iOS_Developers_-_Alexander_Nekrasov.pdf
[2026-03-21 02:36:01] SUMMARY: _OceanofPDF.com_Flutter_App_Development_-_Rap_Payne.pdf
[2026-03-21 02:36:17] SUMMARY: _OceanofPDF.com_Programming_iOS_with_Swift_53_For_Beginne_-_Robert_Kissinger.pdf
[2026-03-21 02:36:32] SUMMARY: _OceanofPDF.com_Learning_IOS_Security_-_Allister_Banks.pdf
[2026-03-21 02:36:46] SUMMARY: _OceanofPDF.com_MacOS_and_iOS_Internals_Volume_II_Kernel_Mode_2nd_ed_-_Jonathan_Levin.pdf
[2026-03-21 02:42:58] Found 278 total PDFs
[2026-03-21 02:42:58] SUMMARY: _OceanofPDF.com_MacOS_and_iOS_Internals_Volume_II_Kernel_Mode_2nd_ed_-_Jonathan_Levin.pdf
[2026-03-21 02:43:20] SUMMARY: _OceanofPDF.com_Unity_2020_Mobile_Game_Development_Second_-_John_P_Doran.pdf
[2026-03-21 02:43:39] SUMMARY: _OceanofPDF.com_Learn_Swift_on_the_Mac_For_OS_X_and_IOS_-_Waqar_Malik.pdf
[2026-03-21 02:43:54] SUMMARY: _OceanofPDF.com_Beginning_iOS_14_n_Swift_App_Development_-_Lim_Greg.pdf
[2026-03-21 02:44:09] SUMMARY: _OceanofPDF.com_iOS_Cloud_Development_For_Dummies_-_Neal_Goldstein.pdf
[2026-03-21 02:44:31] SUMMARY: _OceanofPDF.com_iOS_14_Programming_Fundamentals_with_Swift_-_Matt_Neuburg.pdf
[2026-03-21 02:47:01] ERROR summarizing: /media/tony/Drive2/IOS/_OceanofPDF.com_iOS_14_Programming_Fundamentals_with_Swift_-_Matt_Neuburg.pdf
[2026-03-21 02:47:01] SUMMARY: _OceanofPDF.com_Hands-on_iOS_App_Development_Projects_-_Aish_Kodali.pdf
[2026-03-21 02:48:51] SUMMARY: _OceanofPDF.com_Ultimate_Kotlin_Multiplatform_-_Gowtham_Shanmugaraj_Ganesan.pdf
[2026-03-21 02:49:11] SUMMARY: _OceanofPDF.com_Creating_IOS_Apps_-_Richard_Warren.pdf
[2026-03-21 02:49:32] SUMMARY: _OceanofPDF.com_Professional_iOS_Database_Application_Prog_-_Patrick_Alessi.pdf
[2026-03-21 02:49:56] SUMMARY: _OceanofPDF.com_Mastering_Flutter_Learn_to_develop_Flutter_apps_-_Kevin_Moore.pdf
[2026-03-21 02:50:14] === PROGRESS: 79/278 text, 262/278 summarized, 10 errors ===
[2026-03-21 03:03:14] Found 278 total PDFs
[2026-03-21 03:03:14] SUMMARY: _OceanofPDF.com_Hands-On_Mobile_and_Embedded_Development_w_-_Lorn_Potter.pdf
[2026-03-21 03:03:36] SUMMARY: _OceanofPDF.com_Practical_Mobile_Forensics_Fourth_Edition_-_Satish_Bommisetty.pdf
[2026-03-21 03:04:00] SUMMARY: _OceanofPDF.com_SwiftUI_Essentials_-_iOS_15_Edition_-_Neil_Smyth.pdf
[2026-03-21 03:04:37] SUMMARY: _OceanofPDF.com_iOS_App_Development_For_Beginners_-_Nathan_Sebhastian.pdf
[2026-03-21 03:04:55] SUMMARY: _OceanofPDF.com_Ultimate_SwiftUI_Handbook_-_Duong_Dinh_Bao_James_Thang.pdf
[2026-03-21 03:05:10] SUMMARY: _OceanofPDF.com_Learning_Unreal_R_Engine_iOS_Game_Development_-_Muhammad_A_Moniem.pdf
[2026-03-21 03:05:23] === PROGRESS: 79/278 text, 268/278 summarized, 10 errors ===
[2026-03-21 03:21:01] Found 278 total PDFs
[2026-03-21 03:21:01] === PROGRESS: 79/278 text, 268/278 summarized, 10 errors ===
[2026-03-21 03:32:34] Found 278 total PDFs
[2026-03-21 03:32:34] === PROGRESS: 79/278 text, 268/278 summarized, 10 errors ===
[2026-03-21 03:41:19] Found 278 total PDFs
[2026-03-21 03:41:19] === PROGRESS: 79/278 text, 268/278 summarized, 10 errors ===
[2026-03-21 03:51:20] Found 278 total PDFs
[2026-03-21 03:51:20] === PROGRESS: 79/278 text, 268/278 summarized, 10 errors ===
[2026-03-21 04:02:03] Found 278 total PDFs
[2026-03-21 04:02:03] === PROGRESS: 79/278 text, 268/278 summarized, 10 errors ===
[2026-03-21 04:35:00] Found 278 total PDFs
[2026-03-21 04:35:00] === PROGRESS: 79/278 text, 268/278 summarized, 10 errors ===
[2026-03-21 04:41:45] Found 278 total PDFs
[2026-03-21 04:41:45] === PROGRESS: 79/278 text, 268/278 summarized, 10 errors ===
[2026-03-21 09:59:18] Found 278 total PDFs
[2026-03-21 09:59:18] === PROGRESS: 79/278 text, 268/278 summarized, 10 errors ===
[2026-03-21 10:29:32] Found 278 total PDFs
[2026-03-21 10:29:32] === PROGRESS: 79/278 text, 268/278 summarized, 10 errors ===
[2026-03-21 10:41:53] Found 278 total PDFs
[2026-03-21 10:41:53] === PROGRESS: 79/278 text, 268/278 summarized, 10 errors ===
[2026-03-21 10:51:34] Found 278 total PDFs
[2026-03-21 10:51:34] === PROGRESS: 79/278 text, 268/278 summarized, 10 errors ===
[2026-03-21 11:02:44] Found 278 total PDFs
[2026-03-21 11:02:44] === PROGRESS: 79/278 text, 268/278 summarized, 10 errors ===
[2026-03-21 11:11:19] Found 278 total PDFs
[2026-03-21 11:11:19] === PROGRESS: 79/278 text, 268/278 summarized, 10 errors ===
[2026-03-21 11:21:47] Found 278 total PDFs
[2026-03-21 11:21:47] === PROGRESS: 79/278 text, 268/278 summarized, 10 errors ===
[2026-03-21 11:25:17] Found 278 total PDFs
[2026-03-21 11:25:17] === PROGRESS: 79/278 text, 268/278 summarized, 10 errors ===
[2026-03-21 11:26:54] Found 278 total PDFs
[2026-03-21 11:26:54] TEXT: _OceanofPDF.com_Internet_of_Things_IoT_and_Wastewater_Reuse_-_AK_Haghi.pdf
[2026-03-21 11:26:55] ERROR extracting: /media/tony/Drive2/IOT/_OceanofPDF.com_Internet_of_Things_IoT_and_Wastewater_Reuse_-_AK_Haghi.pdf
[2026-03-21 11:26:55] TEXT: _OceanofPDF.com_Internet_of_Things_IoT_and_Wastewater_Reuse_-_AK_Haghi.pdf
[2026-03-21 11:26:55] ERROR extracting: /media/tony/Drive2/Full_Stack_Dev/_OceanofPDF.com_Internet_of_Things_IoT_and_Wastewater_Reuse_-_AK_Haghi.pdf
[2026-03-21 11:26:55] TEXT: _OceanofPDF.com_Android_Programming_Made_Simple_-_Mark_Stokes.pdf
[2026-03-21 11:26:56] ERROR extracting: /media/tony/Drive2/Android/_OceanofPDF.com_Android_Programming_Made_Simple_-_Mark_Stokes.pdf
[2026-03-21 11:26:56] TEXT: _OceanofPDF.com_Barcodes_with_iOS_-_Oliver_Drobnik.pdf
[2026-03-21 11:26:57] ERROR extracting: /media/tony/Drive2/IOS/_OceanofPDF.com_Barcodes_with_iOS_-_Oliver_Drobnik.pdf
[2026-03-21 11:26:57] TEXT: _OceanofPDF.com_Lean_Mobile_App_Development_-_Mike_van_Drongelen.pdf
[2026-03-21 11:28:57] ERROR: Command '['python3', '/media/tony/Drive2/Programs/pdf_to_text/pdf_to_text.py', '/media/tony/Drive2/IOS/_OceanofPDF.com_Lean_Mobile_App_Development_-_Mike_van_Drongelen.pdf', '/media/tony/Drive2/Programs/pdf_to_text/extracted/_OceanofPDF.com_Lean_Mobile_App_Development_-_Mike_van_Drongelen.txt']' timed out after 120 seconds
[2026-03-21 11:28:57] TEXT: _OceanofPDF.com_Learn_IOS_8_App_Development_-_James_Bucanek.pdf
[2026-03-21 11:28:58] ERROR extracting: /media/tony/Drive2/IOS/_OceanofPDF.com_Learn_IOS_8_App_Development_-_James_Bucanek.pdf
[2026-03-21 11:28:58] TEXT: _OceanofPDF.com_Beginning_iPhone_Development_Exploring_the_IOS_SDK_-_Dave_Mark.pdf
[2026-03-21 11:28:59] ERROR extracting: /media/tony/Drive2/IOS/_OceanofPDF.com_Beginning_iPhone_Development_Exploring_the_IOS_SDK_-_Dave_Mark.pdf
[2026-03-21 11:28:59] === PROGRESS: 79/278 text, 268/278 summarized, 10 errors ===
[2026-03-21 11:42:24] Found 278 total PDFs
[2026-03-21 11:42:24] === PROGRESS: 271/278 text, 268/278 summarized, 10 errors ===
[2026-03-21 11:51:41] Found 278 total PDFs
[2026-03-21 11:51:41] === PROGRESS: 271/278 text, 268/278 summarized, 10 errors ===
[2026-03-21 12:19:07] Found 278 total PDFs
[2026-03-21 12:19:07] === PROGRESS: 271/278 text, 268/278 summarized, 10 errors ===
[2026-03-21 12:50:59] Found 278 total PDFs
[2026-03-21 12:50:59] === PROGRESS: 271/278 text, 268/278 summarized, 10 errors ===
[2026-03-21 13:03:12] Found 278 total PDFs
[2026-03-21 13:03:12] === PROGRESS: 271/278 text, 268/278 summarized, 10 errors ===
[2026-03-21 13:11:29] Found 278 total PDFs
[2026-03-21 13:11:29] === PROGRESS: 271/278 text, 268/278 summarized, 10 errors ===
[2026-03-21 13:21:20] Found 278 total PDFs
[2026-03-21 13:21:20] === PROGRESS: 271/278 text, 268/278 summarized, 10 errors ===
[2026-03-21 13:32:24] Found 278 total PDFs
[2026-03-21 13:32:24] === PROGRESS: 271/278 text, 268/278 summarized, 10 errors ===
[2026-03-21 13:41:34] Found 278 total PDFs
[2026-03-21 13:41:34] === PROGRESS: 271/278 text, 268/278 summarized, 10 errors ===
[2026-03-21 13:52:09] Found 278 total PDFs
[2026-03-21 13:52:09] === PROGRESS: 271/278 text, 268/278 summarized, 10 errors ===
[2026-03-21 14:02:43] Found 278 total PDFs
[2026-03-21 14:02:43] === PROGRESS: 271/278 text, 268/278 summarized, 10 errors ===
[2026-03-21 14:11:24] Found 278 total PDFs
[2026-03-21 14:11:24] === PROGRESS: 271/278 text, 268/278 summarized, 10 errors ===
[2026-03-21 14:21:32] Found 278 total PDFs
[2026-03-21 14:21:32] === PROGRESS: 271/278 text, 268/278 summarized, 10 errors ===
[2026-03-21 14:32:45] Found 278 total PDFs
[2026-03-21 14:32:45] === PROGRESS: 271/278 text, 268/278 summarized, 10 errors ===
[2026-03-21 14:41:40] Found 278 total PDFs
[2026-03-21 14:41:40] === PROGRESS: 271/278 text, 268/278 summarized, 10 errors ===
[2026-03-21 14:51:34] Found 278 total PDFs
[2026-03-21 14:51:34] === PROGRESS: 271/278 text, 268/278 summarized, 10 errors ===
[2026-03-21 15:03:05] Found 278 total PDFs
[2026-03-21 15:03:05] === PROGRESS: 271/278 text, 268/278 summarized, 10 errors ===
[2026-03-21 15:11:34] Found 278 total PDFs
[2026-03-21 15:11:34] === PROGRESS: 271/278 text, 268/278 summarized, 10 errors ===
[2026-03-21 15:21:11] Found 278 total PDFs
[2026-03-21 15:21:11] === PROGRESS: 271/278 text, 268/278 summarized, 10 errors ===
[2026-03-21 15:33:20] Found 278 total PDFs
[2026-03-21 15:33:20] === PROGRESS: 271/278 text, 268/278 summarized, 10 errors ===
[2026-03-21 15:41:24] Found 278 total PDFs
[2026-03-21 15:41:24] === PROGRESS: 271/278 text, 268/278 summarized, 10 errors ===
[2026-03-21 15:52:39] Found 278 total PDFs
[2026-03-21 15:52:39] === PROGRESS: 271/278 text, 268/278 summarized, 10 errors ===
[2026-03-21 16:15:01] Found 278 total PDFs
[2026-03-21 16:15:01] === PROGRESS: 271/278 text, 268/278 summarized, 10 errors ===
[2026-03-21 16:38:33] Found 278 total PDFs
[2026-03-21 16:38:33] === PROGRESS: 271/278 text, 268/278 summarized, 10 errors ===
[2026-03-21 16:41:18] Found 278 total PDFs
[2026-03-21 16:41:18] === PROGRESS: 271/278 text, 268/278 summarized, 10 errors ===
[2026-03-21 16:51:33] Found 278 total PDFs
[2026-03-21 16:51:33] === PROGRESS: 271/278 text, 268/278 summarized, 10 errors ===
[2026-03-21 17:02:30] Found 278 total PDFs
[2026-03-21 17:02:30] === PROGRESS: 271/278 text, 268/278 summarized, 10 errors ===
[2026-03-21 17:11:21] Found 278 total PDFs
[2026-03-21 17:11:21] === PROGRESS: 271/278 text, 268/278 summarized, 10 errors ===
[2026-03-21 17:21:00] Found 278 total PDFs
[2026-03-21 17:21:00] === PROGRESS: 271/278 text, 268/278 summarized, 10 errors ===
[2026-03-21 17:32:50] Found 278 total PDFs
[2026-03-21 17:32:50] === PROGRESS: 271/278 text, 268/278 summarized, 10 errors ===
[2026-03-21 17:41:52] Found 278 total PDFs
[2026-03-21 17:41:52] === PROGRESS: 271/278 text, 268/278 summarized, 10 errors ===
[2026-03-21 17:51:41] Found 278 total PDFs
[2026-03-21 17:51:41] === PROGRESS: 271/278 text, 268/278 summarized, 10 errors ===
[2026-03-21 18:05:30] Found 278 total PDFs
[2026-03-21 18:05:30] === PROGRESS: 271/278 text, 268/278 summarized, 10 errors ===
[2026-03-21 18:11:30] Found 278 total PDFs
[2026-03-21 18:11:30] === PROGRESS: 271/278 text, 268/278 summarized, 10 errors ===
[2026-03-21 18:22:43] Found 278 total PDFs
[2026-03-21 18:22:43] === PROGRESS: 271/278 text, 268/278 summarized, 10 errors ===
[2026-03-21 18:33:02] Found 278 total PDFs
[2026-03-21 18:33:02] === PROGRESS: 271/278 text, 268/278 summarized, 10 errors ===
[2026-03-21 18:41:30] Found 278 total PDFs
[2026-03-21 18:41:30] === PROGRESS: 271/278 text, 268/278 summarized, 10 errors ===
[2026-03-21 18:50:54] Found 278 total PDFs
[2026-03-21 18:50:54] === PROGRESS: 271/278 text, 268/278 summarized, 10 errors ===
[2026-03-21 19:05:02] Found 278 total PDFs
[2026-03-21 19:05:02] === PROGRESS: 271/278 text, 268/278 summarized, 10 errors ===
[2026-03-21 19:12:03] Found 278 total PDFs
[2026-03-21 19:12:03] === PROGRESS: 271/278 text, 268/278 summarized, 10 errors ===
[2026-03-21 19:21:31] Found 278 total PDFs
[2026-03-21 19:21:31] === PROGRESS: 271/278 text, 268/278 summarized, 10 errors ===
[2026-03-21 19:32:37] Found 278 total PDFs
[2026-03-21 19:32:37] === PROGRESS: 271/278 text, 268/278 summarized, 10 errors ===
[2026-03-21 19:41:14] Found 278 total PDFs
[2026-03-21 19:41:14] === PROGRESS: 271/278 text, 268/278 summarized, 10 errors ===
[2026-03-21 19:51:00] Found 278 total PDFs
[2026-03-21 19:51:00] === PROGRESS: 271/278 text, 268/278 summarized, 10 errors ===
[2026-03-21 20:02:48] Found 278 total PDFs
[2026-03-21 20:02:48] === PROGRESS: 271/278 text, 268/278 summarized, 10 errors ===
[2026-03-21 20:21:49] Found 278 total PDFs
[2026-03-21 20:21:49] === PROGRESS: 271/278 text, 268/278 summarized, 10 errors ===
[2026-03-21 20:32:36] Found 278 total PDFs
[2026-03-21 20:32:36] === PROGRESS: 271/278 text, 268/278 summarized, 10 errors ===
[2026-03-21 20:41:01] Found 278 total PDFs
[2026-03-21 20:41:01] === PROGRESS: 271/278 text, 268/278 summarized, 10 errors ===
[2026-03-21 20:51:06] Found 278 total PDFs
[2026-03-21 20:51:06] === PROGRESS: 271/278 text, 268/278 summarized, 10 errors ===
[2026-03-21 21:03:20] Found 278 total PDFs
[2026-03-21 21:03:20] === PROGRESS: 271/278 text, 268/278 summarized, 10 errors ===
[2026-03-21 21:12:14] Found 278 total PDFs
[2026-03-21 21:12:14] === PROGRESS: 271/278 text, 268/278 summarized, 10 errors ===
[2026-03-21 21:21:15] Found 278 total PDFs
[2026-03-21 21:21:15] === PROGRESS: 271/278 text, 268/278 summarized, 10 errors ===
[2026-03-21 21:33:21] Found 278 total PDFs
[2026-03-21 21:33:21] === PROGRESS: 271/278 text, 268/278 summarized, 10 errors ===
[2026-03-21 21:41:20] Found 278 total PDFs
[2026-03-21 21:41:20] === PROGRESS: 271/278 text, 268/278 summarized, 10 errors ===
[2026-03-21 21:51:41] Found 278 total PDFs
[2026-03-21 21:51:41] === PROGRESS: 271/278 text, 268/278 summarized, 10 errors ===
[2026-03-21 22:02:44] Found 278 total PDFs
[2026-03-21 22:02:44] === PROGRESS: 271/278 text, 268/278 summarized, 10 errors ===
[2026-03-21 22:11:52] Found 278 total PDFs
[2026-03-21 22:11:52] === PROGRESS: 271/278 text, 268/278 summarized, 10 errors ===
[2026-03-21 22:21:29] Found 278 total PDFs
[2026-03-21 22:21:29] === PROGRESS: 271/278 text, 268/278 summarized, 10 errors ===
[2026-03-21 22:33:13] Found 278 total PDFs
[2026-03-21 22:33:13] === PROGRESS: 271/278 text, 268/278 summarized, 10 errors ===
[2026-03-21 22:41:45] Found 278 total PDFs
[2026-03-21 22:41:45] === PROGRESS: 271/278 text, 268/278 summarized, 10 errors ===
[2026-03-21 22:51:30] Found 278 total PDFs
[2026-03-21 22:51:30] === PROGRESS: 271/278 text, 268/278 summarized, 10 errors ===
[2026-03-21 23:03:13] Found 278 total PDFs
[2026-03-21 23:03:13] === PROGRESS: 271/278 text, 268/278 summarized, 10 errors ===
[2026-03-21 23:11:47] Found 278 total PDFs
[2026-03-21 23:11:47] === PROGRESS: 271/278 text, 268/278 summarized, 10 errors ===
[2026-03-21 23:22:01] Found 278 total PDFs
[2026-03-21 23:22:01] === PROGRESS: 271/278 text, 268/278 summarized, 10 errors ===
[2026-03-21 23:32:21] Found 278 total PDFs
[2026-03-21 23:32:21] === PROGRESS: 271/278 text, 268/278 summarized, 10 errors ===
[2026-03-21 23:41:23] Found 278 total PDFs
[2026-03-21 23:41:23] === PROGRESS: 271/278 text, 268/278 summarized, 10 errors ===
[2026-03-21 23:51:28] Found 278 total PDFs
[2026-03-21 23:51:28] === PROGRESS: 271/278 text, 268/278 summarized, 10 errors ===
[2026-03-22 00:02:28] Found 278 total PDFs
[2026-03-22 00:02:28] === PROGRESS: 271/278 text, 268/278 summarized, 10 errors ===
[2026-03-22 00:24:11] Found 278 total PDFs
[2026-03-22 00:24:11] === PROGRESS: 271/278 text, 268/278 summarized, 10 errors ===
[2026-03-22 00:32:11] Found 278 total PDFs
[2026-03-22 00:32:11] === PROGRESS: 271/278 text, 268/278 summarized, 10 errors ===
[2026-03-22 00:42:06] Found 278 total PDFs
[2026-03-22 00:42:06] === PROGRESS: 271/278 text, 268/278 summarized, 10 errors ===
[2026-03-22 00:51:57] Found 278 total PDFs
[2026-03-22 00:51:57] === PROGRESS: 271/278 text, 268/278 summarized, 10 errors ===
[2026-03-22 01:02:24] Found 278 total PDFs
[2026-03-22 01:02:24] === PROGRESS: 271/278 text, 268/278 summarized, 10 errors ===
[2026-03-22 01:11:49] Found 278 total PDFs
[2026-03-22 01:11:49] === PROGRESS: 271/278 text, 268/278 summarized, 10 errors ===
[2026-03-22 01:21:18] Found 278 total PDFs
[2026-03-22 01:21:18] === PROGRESS: 271/278 text, 268/278 summarized, 10 errors ===
[2026-03-22 01:32:55] Found 278 total PDFs
[2026-03-22 01:32:55] === PROGRESS: 271/278 text, 268/278 summarized, 10 errors ===
[2026-03-22 01:42:20] Found 278 total PDFs
[2026-03-22 01:42:20] === PROGRESS: 271/278 text, 268/278 summarized, 10 errors ===
[2026-03-22 01:51:51] Found 278 total PDFs
[2026-03-22 01:51:51] === PROGRESS: 271/278 text, 268/278 summarized, 10 errors ===
[2026-03-22 02:04:18] Found 278 total PDFs
[2026-03-22 02:04:18] === PROGRESS: 271/278 text, 268/278 summarized, 10 errors ===
[2026-03-22 02:12:06] Found 278 total PDFs
[2026-03-22 02:12:06] === PROGRESS: 271/278 text, 268/278 summarized, 10 errors ===
[2026-03-22 02:21:44] Found 278 total PDFs
[2026-03-22 02:21:44] === PROGRESS: 271/278 text, 268/278 summarized, 10 errors ===
[2026-03-22 02:32:44] Found 278 total PDFs
[2026-03-22 02:32:44] === PROGRESS: 271/278 text, 268/278 summarized, 10 errors ===
[2026-03-22 02:41:55] Found 278 total PDFs
[2026-03-22 02:41:55] === PROGRESS: 271/278 text, 268/278 summarized, 10 errors ===
[2026-03-22 02:51:12] Found 278 total PDFs
[2026-03-22 02:51:12] === PROGRESS: 271/278 text, 268/278 summarized, 10 errors ===
[2026-03-22 03:03:12] Found 278 total PDFs
[2026-03-22 03:03:12] === PROGRESS: 271/278 text, 268/278 summarized, 10 errors ===
[2026-03-22 03:11:59] Found 278 total PDFs
[2026-03-22 03:11:59] === PROGRESS: 271/278 text, 268/278 summarized, 10 errors ===
[2026-03-22 03:22:05] Found 278 total PDFs
[2026-03-22 03:22:05] === PROGRESS: 271/278 text, 268/278 summarized, 10 errors ===
[2026-03-22 03:32:16] Found 278 total PDFs
[2026-03-22 03:32:16] === PROGRESS: 271/278 text, 268/278 summarized, 10 errors ===
[2026-03-22 03:41:52] Found 278 total PDFs
[2026-03-22 03:41:52] === PROGRESS: 271/278 text, 268/278 summarized, 10 errors ===
[2026-03-22 03:51:18] Found 278 total PDFs
[2026-03-22 03:51:19] === PROGRESS: 271/278 text, 268/278 summarized, 10 errors ===
[2026-03-22 04:03:34] Found 278 total PDFs
[2026-03-22 04:03:34] === PROGRESS: 271/278 text, 268/278 summarized, 10 errors ===
[2026-03-22 04:04:06] Found 278 total PDFs
[2026-03-22 04:04:06] === PROGRESS: 271/278 text, 268/278 summarized, 10 errors ===
[2026-03-22 04:25:03] Found 278 total PDFs
[2026-03-22 04:25:03] === PROGRESS: 271/278 text, 268/278 summarized, 10 errors ===
[2026-03-22 04:32:17] Found 278 total PDFs
[2026-03-22 04:32:17] === PROGRESS: 271/278 text, 268/278 summarized, 10 errors ===
[2026-03-22 04:41:59] Found 278 total PDFs
[2026-03-22 04:41:59] === PROGRESS: 271/278 text, 268/278 summarized, 10 errors ===
[2026-03-22 04:51:55] Found 278 total PDFs
[2026-03-22 04:51:55] === PROGRESS: 271/278 text, 268/278 summarized, 10 errors ===
[2026-03-22 05:02:50] Found 278 total PDFs
[2026-03-22 05:02:50] === PROGRESS: 271/278 text, 268/278 summarized, 10 errors ===
[2026-03-22 05:12:36] Found 278 total PDFs
[2026-03-22 05:12:36] === PROGRESS: 271/278 text, 268/278 summarized, 10 errors ===
[2026-03-22 05:22:31] Found 278 total PDFs
[2026-03-22 05:22:31] === PROGRESS: 271/278 text, 268/278 summarized, 10 errors ===
[2026-03-22 05:33:15] Found 278 total PDFs
[2026-03-22 05:33:15] === PROGRESS: 271/278 text, 268/278 summarized, 10 errors ===
[2026-03-22 05:42:07] Found 278 total PDFs
[2026-03-22 05:42:07] === PROGRESS: 271/278 text, 268/278 summarized, 10 errors ===
[2026-03-22 05:52:31] Found 278 total PDFs
[2026-03-22 05:52:31] === PROGRESS: 271/278 text, 268/278 summarized, 10 errors ===
[2026-03-22 06:03:01] Found 278 total PDFs
[2026-03-22 06:03:01] === PROGRESS: 271/278 text, 268/278 summarized, 10 errors ===
[2026-03-22 06:11:42] Found 278 total PDFs
[2026-03-22 06:11:42] === PROGRESS: 271/278 text, 268/278 summarized, 10 errors ===
[2026-03-22 06:22:23] Found 278 total PDFs
[2026-03-22 06:22:23] === PROGRESS: 271/278 text, 268/278 summarized, 10 errors ===
[2026-03-22 06:32:56] Found 278 total PDFs
[2026-03-22 06:32:56] === PROGRESS: 271/278 text, 268/278 summarized, 10 errors ===
[2026-03-22 06:41:33] Found 278 total PDFs
[2026-03-22 06:41:33] === PROGRESS: 271/278 text, 268/278 summarized, 10 errors ===
[2026-03-22 06:51:25] Found 278 total PDFs
[2026-03-22 06:51:25] === PROGRESS: 271/278 text, 268/278 summarized, 10 errors ===
[2026-03-22 07:02:30] Found 278 total PDFs
[2026-03-22 07:02:30] === PROGRESS: 271/278 text, 268/278 summarized, 10 errors ===
[2026-03-22 07:11:41] Found 278 total PDFs
[2026-03-22 07:11:41] === PROGRESS: 271/278 text, 268/278 summarized, 10 errors ===
[2026-03-22 07:21:56] Found 278 total PDFs
[2026-03-22 07:21:56] === PROGRESS: 271/278 text, 268/278 summarized, 10 errors ===
[2026-03-22 07:42:47] Found 278 total PDFs
[2026-03-22 07:42:47] === PROGRESS: 271/278 text, 268/278 summarized, 10 errors ===
[2026-03-22 07:52:48] Found 278 total PDFs
[2026-03-22 07:52:48] === PROGRESS: 271/278 text, 268/278 summarized, 10 errors ===
[2026-03-22 08:14:55] Found 278 total PDFs
[2026-03-22 08:14:55] === PROGRESS: 271/278 text, 268/278 summarized, 10 errors ===
[2026-03-22 08:22:27] Found 278 total PDFs
[2026-03-22 08:22:27] === PROGRESS: 271/278 text, 268/278 summarized, 10 errors ===
[2026-03-22 11:19:22] Found 278 total PDFs
[2026-03-22 11:19:22] === PROGRESS: 271/278 text, 268/278 summarized, 10 errors ===
[2026-03-22 11:23:45] Found 278 total PDFs
[2026-03-22 11:23:45] === PROGRESS: 271/278 text, 268/278 summarized, 10 errors ===
[2026-03-22 11:33:46] Found 278 total PDFs
[2026-03-22 11:33:46] === PROGRESS: 271/278 text, 268/278 summarized, 10 errors ===
[2026-03-22 11:42:46] Found 278 total PDFs
[2026-03-22 11:42:46] === PROGRESS: 271/278 text, 268/278 summarized, 10 errors ===
[2026-03-22 11:52:50] Found 278 total PDFs
[2026-03-22 11:52:50] === PROGRESS: 271/278 text, 268/278 summarized, 10 errors ===
[2026-03-22 12:04:07] Found 278 total PDFs
[2026-03-22 12:04:07] === PROGRESS: 271/278 text, 268/278 summarized, 10 errors ===
[2026-03-22 12:11:30] Found 278 total PDFs
[2026-03-22 12:11:30] === PROGRESS: 271/278 text, 268/278 summarized, 10 errors ===
[2026-03-22 12:55:01] Found 278 total PDFs
[2026-03-22 12:55:01] === PROGRESS: 271/278 text, 268/278 summarized, 10 errors ===
[2026-03-22 13:02:37] Found 278 total PDFs
[2026-03-22 13:02:37] === PROGRESS: 271/278 text, 268/278 summarized, 10 errors ===
[2026-03-22 13:12:00] Found 278 total PDFs
[2026-03-22 13:12:00] === PROGRESS: 271/278 text, 268/278 summarized, 10 errors ===
[2026-03-22 13:32:56] Found 278 total PDFs
[2026-03-22 13:32:56] === PROGRESS: 271/278 text, 268/278 summarized, 10 errors ===
[2026-03-22 13:41:43] Found 278 total PDFs
[2026-03-22 13:41:43] === PROGRESS: 271/278 text, 268/278 summarized, 10 errors ===
[2026-03-22 13:52:55] Found 278 total PDFs
[2026-03-22 13:52:55] === PROGRESS: 271/278 text, 268/278 summarized, 10 errors ===
[2026-03-22 14:03:00] Found 278 total PDFs
[2026-03-22 14:03:00] === PROGRESS: 271/278 text, 268/278 summarized, 10 errors ===
[2026-03-22 14:11:25] Found 278 total PDFs
[2026-03-22 14:11:25] === PROGRESS: 271/278 text, 268/278 summarized, 10 errors ===
[2026-03-22 14:21:32] Found 278 total PDFs
[2026-03-22 14:21:32] === PROGRESS: 271/278 text, 268/278 summarized, 10 errors ===
[2026-03-22 14:33:10] Found 278 total PDFs
[2026-03-22 14:33:10] === PROGRESS: 271/278 text, 268/278 summarized, 10 errors ===
[2026-03-22 14:42:04] Found 278 total PDFs
[2026-03-22 14:42:04] === PROGRESS: 271/278 text, 268/278 summarized, 10 errors ===
[2026-03-22 14:51:42] Found 278 total PDFs
[2026-03-22 14:51:42] === PROGRESS: 271/278 text, 268/278 summarized, 10 errors ===
[2026-03-22 15:02:47] Found 278 total PDFs
[2026-03-22 15:02:47] === PROGRESS: 271/278 text, 268/278 summarized, 10 errors ===
[2026-03-22 15:11:28] Found 278 total PDFs
[2026-03-22 15:11:28] === PROGRESS: 271/278 text, 268/278 summarized, 10 errors ===
[2026-03-22 15:21:12] Found 278 total PDFs
[2026-03-22 15:21:12] === PROGRESS: 271/278 text, 268/278 summarized, 10 errors ===
[2026-03-22 15:32:17] Found 278 total PDFs
[2026-03-22 15:32:17] === PROGRESS: 271/278 text, 268/278 summarized, 10 errors ===
[2026-03-22 15:42:03] Found 278 total PDFs
[2026-03-22 15:42:03] === PROGRESS: 271/278 text, 268/278 summarized, 10 errors ===
[2026-03-22 15:51:37] Found 278 total PDFs
[2026-03-22 15:51:37] === PROGRESS: 271/278 text, 268/278 summarized, 10 errors ===
[2026-03-22 16:02:26] Found 278 total PDFs
[2026-03-22 16:02:26] === PROGRESS: 271/278 text, 268/278 summarized, 10 errors ===
[2026-03-22 16:19:30] Found 278 total PDFs
[2026-03-22 16:19:30] === PROGRESS: 271/278 text, 268/278 summarized, 10 errors ===
[2026-03-22 16:21:19] Found 278 total PDFs
[2026-03-22 16:21:19] === PROGRESS: 271/278 text, 268/278 summarized, 10 errors ===
[2026-03-22 16:32:39] Found 278 total PDFs
[2026-03-22 16:32:39] === PROGRESS: 271/278 text, 268/278 summarized, 10 errors ===
[2026-03-22 16:41:16] Found 278 total PDFs
[2026-03-22 16:41:16] === PROGRESS: 271/278 text, 268/278 summarized, 10 errors ===
[2026-03-22 16:51:51] Found 278 total PDFs
[2026-03-22 16:51:51] === PROGRESS: 271/278 text, 268/278 summarized, 10 errors ===
[2026-03-22 17:02:52] Found 278 total PDFs
[2026-03-22 17:02:52] === PROGRESS: 271/278 text, 268/278 summarized, 10 errors ===
[2026-03-22 17:11:30] Found 278 total PDFs
[2026-03-22 17:11:30] === PROGRESS: 271/278 text, 268/278 summarized, 10 errors ===
[2026-03-22 17:22:05] Found 278 total PDFs
[2026-03-22 17:22:05] === PROGRESS: 271/278 text, 268/278 summarized, 10 errors ===
[2026-03-22 17:32:49] Found 278 total PDFs
[2026-03-22 17:32:49] === PROGRESS: 271/278 text, 268/278 summarized, 10 errors ===
[2026-03-22 17:41:28] Found 278 total PDFs
[2026-03-22 17:41:28] === PROGRESS: 271/278 text, 268/278 summarized, 10 errors ===
[2026-03-22 17:51:36] Found 278 total PDFs
[2026-03-22 17:51:36] === PROGRESS: 271/278 text, 268/278 summarized, 10 errors ===
[2026-03-22 18:02:37] Found 278 total PDFs
[2026-03-22 18:02:37] === PROGRESS: 271/278 text, 268/278 summarized, 10 errors ===
[2026-03-22 18:11:14] Found 278 total PDFs
[2026-03-22 18:11:14] === PROGRESS: 271/278 text, 268/278 summarized, 10 errors ===
[2026-03-22 18:21:15] Found 278 total PDFs
[2026-03-22 18:21:15] === PROGRESS: 271/278 text, 268/278 summarized, 10 errors ===
[2026-03-22 18:32:23] Found 278 total PDFs
[2026-03-22 18:32:23] === PROGRESS: 271/278 text, 268/278 summarized, 10 errors ===
[2026-03-22 18:41:14] Found 278 total PDFs
[2026-03-22 18:41:14] === PROGRESS: 271/278 text, 268/278 summarized, 10 errors ===
[2026-03-22 18:51:03] Found 278 total PDFs
[2026-03-22 18:51:03] === PROGRESS: 271/278 text, 268/278 summarized, 10 errors ===
[2026-03-22 19:02:57] Found 278 total PDFs
[2026-03-22 19:02:57] === PROGRESS: 271/278 text, 268/278 summarized, 10 errors ===
[2026-03-22 19:11:16] Found 278 total PDFs
[2026-03-22 19:11:16] === PROGRESS: 271/278 text, 268/278 summarized, 10 errors ===
[2026-03-22 19:21:07] Found 278 total PDFs
[2026-03-22 19:21:07] === PROGRESS: 271/278 text, 268/278 summarized, 10 errors ===
[2026-03-22 19:32:58] Found 278 total PDFs
[2026-03-22 19:32:58] === PROGRESS: 271/278 text, 268/278 summarized, 10 errors ===
[2026-03-22 19:41:37] Found 278 total PDFs
[2026-03-22 19:41:37] === PROGRESS: 271/278 text, 268/278 summarized, 10 errors ===
[2026-03-22 19:52:00] Found 278 total PDFs
[2026-03-22 19:52:00] === PROGRESS: 271/278 text, 268/278 summarized, 10 errors ===
[2026-03-22 20:02:39] Found 278 total PDFs
[2026-03-22 20:02:39] === PROGRESS: 271/278 text, 268/278 summarized, 10 errors ===
[2026-03-22 20:31:54] Found 278 total PDFs
[2026-03-22 20:31:54] === PROGRESS: 271/278 text, 268/278 summarized, 10 errors ===
[2026-03-22 20:42:00] Found 278 total PDFs
[2026-03-22 20:42:00] === PROGRESS: 271/278 text, 268/278 summarized, 10 errors ===
[2026-03-22 20:51:13] Found 278 total PDFs
[2026-03-22 20:51:13] === PROGRESS: 271/278 text, 268/278 summarized, 10 errors ===
[2026-03-22 21:02:16] Found 278 total PDFs
[2026-03-22 21:02:16] === PROGRESS: 271/278 text, 268/278 summarized, 10 errors ===
[2026-03-22 21:12:14] Found 278 total PDFs
[2026-03-22 21:12:14] === PROGRESS: 271/278 text, 268/278 summarized, 10 errors ===
[2026-03-22 21:22:29] Found 278 total PDFs
[2026-03-22 21:22:29] === PROGRESS: 271/278 text, 268/278 summarized, 10 errors ===
[2026-03-22 21:37:27] Found 278 total PDFs
[2026-03-22 21:37:27] === PROGRESS: 271/278 text, 268/278 summarized, 10 errors ===
[2026-03-22 21:41:01] Found 278 total PDFs
[2026-03-22 21:41:01] === PROGRESS: 271/278 text, 268/278 summarized, 10 errors ===
[2026-03-22 22:20:59] Found 278 total PDFs
[2026-03-22 22:20:59] === PROGRESS: 271/278 text, 268/278 summarized, 10 errors ===
[2026-03-22 22:33:39] Found 278 total PDFs
[2026-03-22 22:33:39] === PROGRESS: 271/278 text, 268/278 summarized, 10 errors ===
[2026-03-22 22:41:59] Found 278 total PDFs
[2026-03-22 22:41:59] === PROGRESS: 271/278 text, 268/278 summarized, 10 errors ===
[2026-03-22 22:51:09] Found 278 total PDFs
[2026-03-22 22:51:09] === PROGRESS: 271/278 text, 268/278 summarized, 10 errors ===
[2026-03-22 23:03:09] Found 278 total PDFs
[2026-03-22 23:03:09] === PROGRESS: 271/278 text, 268/278 summarized, 10 errors ===
[2026-03-22 23:19:44] Found 278 total PDFs
[2026-03-22 23:19:44] === PROGRESS: 271/278 text, 268/278 summarized, 10 errors ===
[2026-03-22 23:39:36] Found 278 total PDFs
[2026-03-22 23:39:36] === PROGRESS: 271/278 text, 268/278 summarized, 10 errors ===
[2026-03-22 23:51:38] Found 278 total PDFs
[2026-03-22 23:51:38] === PROGRESS: 271/278 text, 268/278 summarized, 10 errors ===
[2026-03-23 00:01:58] Found 278 total PDFs
[2026-03-23 00:01:58] === PROGRESS: 271/278 text, 268/278 summarized, 10 errors ===
[2026-03-23 00:18:46] Found 278 total PDFs
[2026-03-23 00:18:46] === PROGRESS: 271/278 text, 268/278 summarized, 10 errors ===
[2026-03-23 00:21:33] Found 278 total PDFs
[2026-03-23 00:21:33] === PROGRESS: 271/278 text, 268/278 summarized, 10 errors ===
[2026-03-23 01:02:52] Found 278 total PDFs
[2026-03-23 01:02:52] === PROGRESS: 271/278 text, 268/278 summarized, 10 errors ===
[2026-03-23 01:11:05] Found 278 total PDFs
[2026-03-23 01:11:05] === PROGRESS: 271/278 text, 268/278 summarized, 10 errors ===
[2026-03-23 01:21:08] Found 278 total PDFs
[2026-03-23 01:21:09] === PROGRESS: 271/278 text, 268/278 summarized, 10 errors ===
[2026-03-23 01:33:18] Found 278 total PDFs
[2026-03-23 01:33:18] === PROGRESS: 271/278 text, 268/278 summarized, 10 errors ===
[2026-03-23 01:40:52] Found 278 total PDFs
[2026-03-23 01:40:52] === PROGRESS: 271/278 text, 268/278 summarized, 10 errors ===
[2026-03-23 01:51:20] Found 278 total PDFs
[2026-03-23 01:51:20] === PROGRESS: 271/278 text, 268/278 summarized, 10 errors ===
[2026-03-23 02:12:26] Found 278 total PDFs
[2026-03-23 02:12:26] === PROGRESS: 271/278 text, 268/278 summarized, 10 errors ===
[2026-03-23 02:21:30] Found 278 total PDFs
[2026-03-23 02:21:30] === PROGRESS: 271/278 text, 268/278 summarized, 10 errors ===
[2026-03-23 02:32:49] Found 278 total PDFs
[2026-03-23 02:32:49] === PROGRESS: 271/278 text, 268/278 summarized, 10 errors ===
[2026-03-23 02:43:03] Found 278 total PDFs
[2026-03-23 02:43:03] === PROGRESS: 271/278 text, 268/278 summarized, 10 errors ===
[2026-03-23 02:52:44] Found 278 total PDFs
[2026-03-23 02:52:44] === PROGRESS: 271/278 text, 268/278 summarized, 10 errors ===
[2026-03-23 03:04:50] Found 278 total PDFs
[2026-03-23 03:04:50] === PROGRESS: 271/278 text, 268/278 summarized, 10 errors ===
[2026-03-23 03:11:12] Found 278 total PDFs
[2026-03-23 03:11:12] === PROGRESS: 271/278 text, 268/278 summarized, 10 errors ===
[2026-03-23 03:22:22] Found 278 total PDFs
[2026-03-23 03:22:22] === PROGRESS: 271/278 text, 268/278 summarized, 10 errors ===
[2026-03-23 03:34:25] Found 278 total PDFs
[2026-03-23 03:34:25] === PROGRESS: 271/278 text, 268/278 summarized, 10 errors ===
[2026-03-23 03:42:57] Found 278 total PDFs
[2026-03-23 03:42:57] === PROGRESS: 271/278 text, 268/278 summarized, 10 errors ===
[2026-03-23 03:52:11] Found 278 total PDFs
[2026-03-23 03:52:11] === PROGRESS: 271/278 text, 268/278 summarized, 10 errors ===
[2026-03-23 04:02:55] Found 278 total PDFs
[2026-03-23 04:02:55] === PROGRESS: 271/278 text, 268/278 summarized, 10 errors ===
[2026-03-23 04:23:48] Found 278 total PDFs
[2026-03-23 04:23:48] === PROGRESS: 271/278 text, 268/278 summarized, 10 errors ===
[2026-03-23 04:53:05] Found 278 total PDFs
[2026-03-23 04:53:05] === PROGRESS: 271/278 text, 268/278 summarized, 10 errors ===
[2026-03-23 05:02:22] Found 278 total PDFs
[2026-03-23 05:02:22] === PROGRESS: 271/278 text, 268/278 summarized, 10 errors ===
[2026-03-23 05:12:02] Found 278 total PDFs
[2026-03-23 05:12:02] === PROGRESS: 271/278 text, 268/278 summarized, 10 errors ===
[2026-03-23 05:22:08] Found 278 total PDFs
[2026-03-23 05:22:08] === PROGRESS: 271/278 text, 268/278 summarized, 10 errors ===
[2026-03-23 05:43:25] Found 278 total PDFs
[2026-03-23 05:43:25] === PROGRESS: 271/278 text, 268/278 summarized, 10 errors ===
[2026-03-23 05:51:46] Found 278 total PDFs
[2026-03-23 05:51:46] === PROGRESS: 271/278 text, 268/278 summarized, 10 errors ===
[2026-03-23 06:04:44] Found 278 total PDFs
[2026-03-23 06:04:44] === PROGRESS: 271/278 text, 268/278 summarized, 10 errors ===
[2026-03-23 06:11:38] Found 278 total PDFs
[2026-03-23 06:11:38] === PROGRESS: 271/278 text, 268/278 summarized, 10 errors ===
[2026-03-23 06:21:45] Found 278 total PDFs
[2026-03-23 06:21:45] === PROGRESS: 271/278 text, 268/278 summarized, 10 errors ===
[2026-03-23 06:32:16] Found 278 total PDFs
[2026-03-23 06:32:16] === PROGRESS: 271/278 text, 268/278 summarized, 10 errors ===
[2026-03-23 06:42:34] Found 278 total PDFs
[2026-03-23 06:42:34] === PROGRESS: 271/278 text, 268/278 summarized, 10 errors ===
[2026-03-23 06:51:19] Found 278 total PDFs
[2026-03-23 06:51:19] === PROGRESS: 271/278 text, 268/278 summarized, 10 errors ===
[2026-03-23 07:04:02] Found 278 total PDFs
[2026-03-23 07:04:02] === PROGRESS: 271/278 text, 268/278 summarized, 10 errors ===
[2026-03-23 07:10:55] Found 278 total PDFs
[2026-03-23 07:10:55] === PROGRESS: 271/278 text, 268/278 summarized, 10 errors ===
[2026-03-23 07:21:09] Found 278 total PDFs
[2026-03-23 07:21:09] === PROGRESS: 271/278 text, 268/278 summarized, 10 errors ===
[2026-03-23 07:32:42] Found 278 total PDFs
[2026-03-23 07:32:42] === PROGRESS: 271/278 text, 268/278 summarized, 10 errors ===
[2026-03-23 07:42:52] Found 278 total PDFs
[2026-03-23 07:42:52] === PROGRESS: 271/278 text, 268/278 summarized, 10 errors ===
[2026-03-23 07:51:22] Found 278 total PDFs
[2026-03-23 07:51:22] === PROGRESS: 271/278 text, 268/278 summarized, 10 errors ===
[2026-03-23 08:02:32] Found 278 total PDFs
[2026-03-23 08:02:32] === PROGRESS: 271/278 text, 268/278 summarized, 10 errors ===
[2026-03-23 08:24:02] Found 278 total PDFs
[2026-03-23 08:24:02] === PROGRESS: 271/278 text, 268/278 summarized, 10 errors ===
[2026-03-23 08:34:31] Found 278 total PDFs
[2026-03-23 08:34:31] === PROGRESS: 271/278 text, 268/278 summarized, 10 errors ===
[2026-03-23 08:42:35] Found 278 total PDFs
[2026-03-23 08:42:35] === PROGRESS: 271/278 text, 268/278 summarized, 10 errors ===
[2026-03-23 08:52:05] Found 278 total PDFs
[2026-03-23 08:52:05] === PROGRESS: 271/278 text, 268/278 summarized, 10 errors ===
[2026-03-23 09:03:25] Found 278 total PDFs
[2026-03-23 09:03:25] === PROGRESS: 271/278 text, 268/278 summarized, 10 errors ===
[2026-03-23 09:12:22] Found 278 total PDFs
[2026-03-23 09:12:22] === PROGRESS: 271/278 text, 268/278 summarized, 10 errors ===
[2026-03-23 09:22:26] Found 278 total PDFs
[2026-03-23 09:22:26] === PROGRESS: 271/278 text, 268/278 summarized, 10 errors ===
[2026-03-23 09:34:01] Found 278 total PDFs
[2026-03-23 09:34:01] === PROGRESS: 271/278 text, 268/278 summarized, 10 errors ===
[2026-03-23 09:41:50] Found 278 total PDFs
[2026-03-23 09:41:50] === PROGRESS: 271/278 text, 268/278 summarized, 10 errors ===
[2026-03-23 09:52:02] Found 278 total PDFs
[2026-03-23 09:52:02] === PROGRESS: 271/278 text, 268/278 summarized, 10 errors ===
[2026-03-23 10:03:08] Found 278 total PDFs
[2026-03-23 10:03:08] === PROGRESS: 271/278 text, 268/278 summarized, 10 errors ===
[2026-03-23 10:12:46] Found 278 total PDFs
[2026-03-23 10:12:46] === PROGRESS: 271/278 text, 268/278 summarized, 10 errors ===
[2026-03-23 10:22:25] Found 278 total PDFs
[2026-03-23 10:22:25] === PROGRESS: 271/278 text, 268/278 summarized, 10 errors ===
[2026-03-23 10:32:39] Found 278 total PDFs
[2026-03-23 10:32:39] === PROGRESS: 271/278 text, 268/278 summarized, 10 errors ===
[2026-03-23 11:02:18] Found 278 total PDFs
[2026-03-23 11:02:18] === PROGRESS: 271/278 text, 268/278 summarized, 10 errors ===
[2026-03-23 11:12:52] Found 278 total PDFs
[2026-03-23 11:12:52] === PROGRESS: 271/278 text, 268/278 summarized, 10 errors ===
[2026-03-23 11:22:11] Found 278 total PDFs
[2026-03-23 11:22:11] === PROGRESS: 271/278 text, 268/278 summarized, 10 errors ===
[2026-03-23 11:32:51] Found 278 total PDFs
[2026-03-23 11:32:51] === PROGRESS: 271/278 text, 268/278 summarized, 10 errors ===
[2026-03-23 11:42:16] Found 278 total PDFs
[2026-03-23 11:42:16] === PROGRESS: 271/278 text, 268/278 summarized, 10 errors ===
[2026-03-23 11:51:39] Found 278 total PDFs
[2026-03-23 11:51:39] === PROGRESS: 271/278 text, 268/278 summarized, 10 errors ===
[2026-03-23 12:05:23] Found 278 total PDFs
[2026-03-23 12:05:23] === PROGRESS: 271/278 text, 268/278 summarized, 10 errors ===
[2026-03-23 12:22:56] Found 278 total PDFs
[2026-03-23 12:22:56] === PROGRESS: 271/278 text, 268/278 summarized, 10 errors ===
[2026-03-23 14:26:30] Found 278 total PDFs
[2026-03-23 14:26:30] === PROGRESS: 271/278 text, 268/278 summarized, 10 errors ===
[2026-03-23 14:41:55] Found 278 total PDFs
[2026-03-23 14:41:55] === PROGRESS: 271/278 text, 268/278 summarized, 10 errors ===
[2026-03-23 14:52:24] Found 278 total PDFs
[2026-03-23 14:52:24] === PROGRESS: 271/278 text, 268/278 summarized, 10 errors ===
[2026-03-23 15:11:56] Found 278 total PDFs
[2026-03-23 15:11:56] === PROGRESS: 271/278 text, 268/278 summarized, 10 errors ===
[2026-03-23 15:21:16] Found 278 total PDFs
[2026-03-23 15:21:16] === PROGRESS: 271/278 text, 268/278 summarized, 10 errors ===
[2026-03-23 15:44:59] Found 278 total PDFs
[2026-03-23 15:44:59] === PROGRESS: 271/278 text, 268/278 summarized, 10 errors ===
[2026-03-23 15:51:41] Found 278 total PDFs
[2026-03-23 15:51:41] === PROGRESS: 271/278 text, 268/278 summarized, 10 errors ===
[2026-03-23 16:27:25] Found 278 total PDFs
[2026-03-23 16:27:25] === PROGRESS: 271/278 text, 268/278 summarized, 10 errors ===
[2026-03-23 16:45:03] Found 278 total PDFs
[2026-03-23 16:45:03] === PROGRESS: 271/278 text, 268/278 summarized, 10 errors ===
[2026-03-23 16:51:12] Found 278 total PDFs
[2026-03-23 16:51:12] === PROGRESS: 271/278 text, 268/278 summarized, 10 errors ===
[2026-03-23 17:12:37] Found 278 total PDFs
[2026-03-23 17:12:37] === PROGRESS: 271/278 text, 268/278 summarized, 10 errors ===
[2026-03-23 17:41:32] Found 278 total PDFs
[2026-03-23 17:41:32] === PROGRESS: 271/278 text, 268/278 summarized, 10 errors ===
[2026-03-23 17:50:51] Found 278 total PDFs
[2026-03-23 17:50:52] === PROGRESS: 271/278 text, 268/278 summarized, 10 errors ===
[2026-03-23 18:13:02] Found 278 total PDFs
[2026-03-23 18:13:02] === PROGRESS: 271/278 text, 268/278 summarized, 10 errors ===
[2026-03-23 18:23:18] Found 278 total PDFs
[2026-03-23 18:23:18] === PROGRESS: 271/278 text, 268/278 summarized, 10 errors ===
[2026-03-23 18:41:07] Found 278 total PDFs
[2026-03-23 18:41:07] === PROGRESS: 271/278 text, 268/278 summarized, 10 errors ===
[2026-03-23 18:52:06] Found 278 total PDFs
[2026-03-23 18:52:06] === PROGRESS: 271/278 text, 268/278 summarized, 10 errors ===
[2026-03-23 19:11:00] Found 278 total PDFs
[2026-03-23 19:11:00] === PROGRESS: 271/278 text, 268/278 summarized, 10 errors ===
[2026-03-23 19:21:33] Found 278 total PDFs
[2026-03-23 19:21:33] === PROGRESS: 271/278 text, 268/278 summarized, 10 errors ===
[2026-03-23 19:41:13] Found 278 total PDFs
[2026-03-23 19:41:13] === PROGRESS: 271/278 text, 268/278 summarized, 10 errors ===
[2026-03-23 19:51:27] Found 278 total PDFs
[2026-03-23 19:51:27] === PROGRESS: 271/278 text, 268/278 summarized, 10 errors ===
[2026-03-23 20:11:13] Found 278 total PDFs
[2026-03-23 20:11:13] === PROGRESS: 271/278 text, 268/278 summarized, 10 errors ===
[2026-03-23 20:24:59] Found 278 total PDFs
[2026-03-23 20:24:59] === PROGRESS: 271/278 text, 268/278 summarized, 10 errors ===
[2026-03-23 20:51:27] Found 278 total PDFs
[2026-03-23 20:51:27] === PROGRESS: 271/278 text, 268/278 summarized, 10 errors ===
[2026-03-23 21:07:50] Found 278 total PDFs
[2026-03-23 21:07:50] === PROGRESS: 271/278 text, 268/278 summarized, 10 errors ===
[2026-03-23 21:11:49] Found 278 total PDFs
[2026-03-23 21:11:49] === PROGRESS: 271/278 text, 268/278 summarized, 10 errors ===
[2026-03-23 21:22:24] Found 278 total PDFs
[2026-03-23 21:22:24] === PROGRESS: 271/278 text, 268/278 summarized, 10 errors ===
[2026-03-23 21:34:40] Found 278 total PDFs
[2026-03-23 21:34:40] === PROGRESS: 271/278 text, 268/278 summarized, 10 errors ===
[2026-03-23 21:51:35] Found 278 total PDFs
[2026-03-23 21:51:35] === PROGRESS: 271/278 text, 268/278 summarized, 10 errors ===
[2026-03-23 22:11:57] Found 278 total PDFs
[2026-03-23 22:11:57] === PROGRESS: 271/278 text, 268/278 summarized, 10 errors ===
[2026-03-23 22:37:54] Found 278 total PDFs
[2026-03-23 22:37:54] === PROGRESS: 271/278 text, 268/278 summarized, 10 errors ===
[2026-03-23 22:41:50] Found 278 total PDFs
[2026-03-23 22:41:50] === PROGRESS: 271/278 text, 268/278 summarized, 10 errors ===
[2026-03-23 22:51:28] Found 278 total PDFs
[2026-03-23 22:51:28] === PROGRESS: 271/278 text, 268/278 summarized, 10 errors ===
[2026-03-23 23:13:52] Found 278 total PDFs
[2026-03-23 23:13:52] === PROGRESS: 271/278 text, 268/278 summarized, 10 errors ===
[2026-03-23 23:23:06] Found 278 total PDFs
[2026-03-23 23:23:06] === PROGRESS: 271/278 text, 268/278 summarized, 10 errors ===
[2026-03-23 23:35:03] Found 278 total PDFs
[2026-03-23 23:35:03] === PROGRESS: 271/278 text, 268/278 summarized, 10 errors ===
[2026-03-23 23:43:13] Found 278 total PDFs
[2026-03-23 23:43:13] === PROGRESS: 271/278 text, 268/278 summarized, 10 errors ===
[2026-03-23 23:52:25] Found 278 total PDFs
[2026-03-23 23:52:25] === PROGRESS: 271/278 text, 268/278 summarized, 10 errors ===
[2026-03-24 00:17:21] Found 278 total PDFs
[2026-03-24 00:17:21] === PROGRESS: 271/278 text, 268/278 summarized, 10 errors ===
[2026-03-24 00:28:27] Found 278 total PDFs
[2026-03-24 00:28:27] === PROGRESS: 271/278 text, 268/278 summarized, 10 errors ===
[2026-03-24 00:36:01] Found 278 total PDFs
[2026-03-24 00:36:01] === PROGRESS: 271/278 text, 268/278 summarized, 10 errors ===
[2026-03-24 00:42:15] Found 278 total PDFs
[2026-03-24 00:42:15] === PROGRESS: 271/278 text, 268/278 summarized, 10 errors ===
[2026-03-24 00:51:04] Found 278 total PDFs
[2026-03-24 00:51:04] === PROGRESS: 271/278 text, 268/278 summarized, 10 errors ===
[2026-03-24 01:03:52] Found 278 total PDFs
[2026-03-24 01:03:52] === PROGRESS: 271/278 text, 268/278 summarized, 10 errors ===
[2026-03-24 01:12:04] Found 278 total PDFs
[2026-03-24 01:12:04] === PROGRESS: 271/278 text, 268/278 summarized, 10 errors ===
[2026-03-24 01:22:58] Found 278 total PDFs
[2026-03-24 01:22:58] === PROGRESS: 271/278 text, 268/278 summarized, 10 errors ===
[2026-03-24 01:33:43] Found 278 total PDFs
[2026-03-24 01:33:43] === PROGRESS: 271/278 text, 268/278 summarized, 10 errors ===
[2026-03-24 01:43:26] Found 278 total PDFs
[2026-03-24 01:43:26] === PROGRESS: 271/278 text, 268/278 summarized, 10 errors ===
[2026-03-24 01:52:17] Found 278 total PDFs
[2026-03-24 01:52:17] === PROGRESS: 271/278 text, 268/278 summarized, 10 errors ===
[2026-03-24 02:04:34] Found 278 total PDFs
[2026-03-24 02:04:34] === PROGRESS: 271/278 text, 268/278 summarized, 10 errors ===
[2026-03-24 02:12:39] Found 278 total PDFs
[2026-03-24 02:12:39] === PROGRESS: 271/278 text, 268/278 summarized, 10 errors ===
[2026-03-24 02:22:30] Found 278 total PDFs
[2026-03-24 02:22:30] === PROGRESS: 271/278 text, 268/278 summarized, 10 errors ===
[2026-03-24 02:34:39] Found 278 total PDFs
[2026-03-24 02:34:39] === PROGRESS: 271/278 text, 268/278 summarized, 10 errors ===
[2026-03-24 02:41:15] Found 278 total PDFs
[2026-03-24 02:41:15] === PROGRESS: 271/278 text, 268/278 summarized, 10 errors ===
[2026-03-24 02:51:32] Found 278 total PDFs
[2026-03-24 02:51:32] === PROGRESS: 271/278 text, 268/278 summarized, 10 errors ===
[2026-03-24 03:04:39] Found 278 total PDFs
[2026-03-24 03:04:39] === PROGRESS: 271/278 text, 268/278 summarized, 10 errors ===
[2026-03-24 03:11:17] Found 278 total PDFs
[2026-03-24 03:11:17] === PROGRESS: 271/278 text, 268/278 summarized, 10 errors ===
[2026-03-24 03:21:30] Found 278 total PDFs
[2026-03-24 03:21:30] === PROGRESS: 271/278 text, 268/278 summarized, 10 errors ===
[2026-03-24 03:33:10] Found 278 total PDFs
[2026-03-24 03:33:10] === PROGRESS: 271/278 text, 268/278 summarized, 10 errors ===
[2026-03-24 03:42:27] Found 278 total PDFs
[2026-03-24 03:42:27] === PROGRESS: 271/278 text, 268/278 summarized, 10 errors ===
[2026-03-24 04:03:31] Found 278 total PDFs
[2026-03-24 04:03:31] === PROGRESS: 271/278 text, 268/278 summarized, 10 errors ===
[2026-03-24 04:17:58] Found 278 total PDFs
[2026-03-24 04:17:59] === PROGRESS: 271/278 text, 268/278 summarized, 10 errors ===
[2026-03-24 04:22:02] Found 278 total PDFs
[2026-03-24 04:22:02] === PROGRESS: 271/278 text, 268/278 summarized, 10 errors ===
[2026-03-24 04:33:51] Found 278 total PDFs
[2026-03-24 04:33:51] === PROGRESS: 271/278 text, 268/278 summarized, 10 errors ===
[2026-03-24 04:41:17] Found 278 total PDFs
[2026-03-24 04:41:17] === PROGRESS: 271/278 text, 268/278 summarized, 10 errors ===
[2026-03-24 04:51:18] Found 278 total PDFs
[2026-03-24 04:51:18] === PROGRESS: 271/278 text, 268/278 summarized, 10 errors ===
[2026-03-24 05:05:43] Found 278 total PDFs
[2026-03-24 05:05:43] === PROGRESS: 271/278 text, 268/278 summarized, 10 errors ===
[2026-03-24 05:11:58] Found 278 total PDFs
[2026-03-24 05:11:58] === PROGRESS: 271/278 text, 268/278 summarized, 10 errors ===
[2026-03-24 05:21:46] Found 278 total PDFs
[2026-03-24 05:21:46] === PROGRESS: 271/278 text, 268/278 summarized, 10 errors ===
[2026-03-24 05:34:33] Found 278 total PDFs
[2026-03-24 05:34:33] === PROGRESS: 271/278 text, 268/278 summarized, 10 errors ===
[2026-03-24 05:41:42] Found 278 total PDFs
[2026-03-24 05:41:42] === PROGRESS: 271/278 text, 268/278 summarized, 10 errors ===
[2026-03-24 05:52:06] Found 278 total PDFs
[2026-03-24 05:52:06] === PROGRESS: 271/278 text, 268/278 summarized, 10 errors ===
[2026-03-24 06:04:28] Found 278 total PDFs
[2026-03-24 06:04:28] === PROGRESS: 271/278 text, 268/278 summarized, 10 errors ===
[2026-03-24 06:12:40] Found 278 total PDFs
[2026-03-24 06:12:40] === PROGRESS: 271/278 text, 268/278 summarized, 10 errors ===
[2026-03-24 06:20:59] Found 278 total PDFs
[2026-03-24 06:20:59] === PROGRESS: 271/278 text, 268/278 summarized, 10 errors ===
[2026-03-24 06:34:51] Found 278 total PDFs
[2026-03-24 06:34:51] === PROGRESS: 271/278 text, 268/278 summarized, 10 errors ===
[2026-03-24 06:34:53] Found 278 total PDFs
[2026-03-24 06:34:53] === PROGRESS: 271/278 text, 268/278 summarized, 10 errors ===
[2026-03-24 06:47:25] Found 278 total PDFs
[2026-03-24 06:47:25] === PROGRESS: 271/278 text, 268/278 summarized, 10 errors ===
[2026-03-24 06:51:26] Found 278 total PDFs
[2026-03-24 06:51:26] === PROGRESS: 271/278 text, 268/278 summarized, 10 errors ===
[2026-03-24 07:03:44] Found 278 total PDFs
[2026-03-24 07:03:44] === PROGRESS: 271/278 text, 268/278 summarized, 10 errors ===
[2026-03-24 07:11:07] Found 278 total PDFs
[2026-03-24 07:11:07] === PROGRESS: 271/278 text, 268/278 summarized, 10 errors ===
[2026-03-24 07:21:24] Found 278 total PDFs
[2026-03-24 07:21:24] === PROGRESS: 271/278 text, 268/278 summarized, 10 errors ===
[2026-03-24 07:34:54] Found 278 total PDFs
[2026-03-24 07:34:54] === PROGRESS: 271/278 text, 268/278 summarized, 10 errors ===
[2026-03-24 07:43:32] Found 278 total PDFs
[2026-03-24 07:43:32] === PROGRESS: 271/278 text, 268/278 summarized, 10 errors ===
[2026-03-24 07:51:11] Found 278 total PDFs
[2026-03-24 07:51:11] === PROGRESS: 271/278 text, 268/278 summarized, 10 errors ===
[2026-03-24 08:16:46] Found 278 total PDFs
[2026-03-24 08:16:46] === PROGRESS: 271/278 text, 268/278 summarized, 10 errors ===
[2026-03-24 08:23:31] Found 278 total PDFs
[2026-03-24 08:23:31] === PROGRESS: 271/278 text, 268/278 summarized, 10 errors ===
[2026-03-24 09:35:00] Found 278 total PDFs
[2026-03-24 09:35:00] === PROGRESS: 271/278 text, 268/278 summarized, 10 errors ===
[2026-03-24 09:41:04] Found 278 total PDFs
[2026-03-24 09:41:04] === PROGRESS: 271/278 text, 268/278 summarized, 10 errors ===
[2026-03-24 09:51:37] Found 278 total PDFs
[2026-03-24 09:51:37] === PROGRESS: 271/278 text, 268/278 summarized, 10 errors ===
[2026-03-24 10:04:34] Found 278 total PDFs
[2026-03-24 10:04:34] === PROGRESS: 271/278 text, 268/278 summarized, 10 errors ===
[2026-03-24 10:12:37] Found 278 total PDFs
[2026-03-24 10:12:37] === PROGRESS: 271/278 text, 268/278 summarized, 10 errors ===
[2026-03-24 10:20:54] Found 278 total PDFs
[2026-03-24 10:20:54] === PROGRESS: 271/278 text, 268/278 summarized, 10 errors ===
[2026-03-24 10:34:21] Found 278 total PDFs
[2026-03-24 10:34:21] === PROGRESS: 271/278 text, 268/278 summarized, 10 errors ===
[2026-03-24 10:41:04] Found 278 total PDFs
[2026-03-24 10:41:04] === PROGRESS: 271/278 text, 268/278 summarized, 10 errors ===
[2026-03-24 10:51:18] Found 278 total PDFs
[2026-03-24 10:51:18] === PROGRESS: 271/278 text, 268/278 summarized, 10 errors ===
[2026-03-24 11:03:08] Found 278 total PDFs
[2026-03-24 11:03:08] === PROGRESS: 271/278 text, 268/278 summarized, 10 errors ===
[2026-03-24 11:11:23] Found 278 total PDFs
[2026-03-24 11:11:23] === PROGRESS: 271/278 text, 268/278 summarized, 10 errors ===
[2026-03-24 11:21:24] Found 278 total PDFs
[2026-03-24 11:21:24] === PROGRESS: 271/278 text, 268/278 summarized, 10 errors ===
[2026-03-24 11:36:26] Found 278 total PDFs
[2026-03-24 11:36:26] === PROGRESS: 271/278 text, 268/278 summarized, 10 errors ===
[2026-03-24 11:41:55] Found 278 total PDFs
[2026-03-24 11:41:55] === PROGRESS: 271/278 text, 268/278 summarized, 10 errors ===
[2026-03-24 11:51:11] Found 278 total PDFs
[2026-03-24 11:51:11] === PROGRESS: 271/278 text, 268/278 summarized, 10 errors ===
[2026-03-24 12:04:06] Found 278 total PDFs
[2026-03-24 12:04:06] === PROGRESS: 271/278 text, 268/278 summarized, 10 errors ===
[2026-03-24 12:22:07] Found 278 total PDFs
[2026-03-24 12:22:07] === PROGRESS: 271/278 text, 268/278 summarized, 10 errors ===
[2026-03-24 15:51:08] Found 278 total PDFs
[2026-03-24 15:51:08] === PROGRESS: 271/278 text, 268/278 summarized, 10 errors ===
[2026-03-24 16:15:19] Found 278 total PDFs
[2026-03-24 16:15:19] === PROGRESS: 271/278 text, 268/278 summarized, 10 errors ===
[2026-03-24 16:21:20] Found 278 total PDFs
[2026-03-24 16:21:20] === PROGRESS: 271/278 text, 268/278 summarized, 10 errors ===
[2026-03-24 16:33:47] Found 278 total PDFs
[2026-03-24 16:33:47] === PROGRESS: 271/278 text, 268/278 summarized, 10 errors ===
[2026-03-24 16:40:52] Found 278 total PDFs
[2026-03-24 16:40:52] === PROGRESS: 271/278 text, 268/278 summarized, 10 errors ===
[2026-03-24 16:51:08] Found 278 total PDFs
[2026-03-24 16:51:08] === PROGRESS: 271/278 text, 268/278 summarized, 10 errors ===
[2026-03-24 17:05:45] Found 278 total PDFs
[2026-03-24 17:05:45] === PROGRESS: 271/278 text, 268/278 summarized, 10 errors ===
[2026-03-24 17:11:24] Found 278 total PDFs
[2026-03-24 17:11:24] === PROGRESS: 271/278 text, 268/278 summarized, 10 errors ===
[2026-03-24 17:21:37] Found 278 total PDFs
[2026-03-24 17:21:37] === PROGRESS: 271/278 text, 268/278 summarized, 10 errors ===
[2026-03-24 17:33:18] Found 278 total PDFs
[2026-03-24 17:33:18] === PROGRESS: 271/278 text, 268/278 summarized, 10 errors ===
[2026-03-24 17:41:07] Found 278 total PDFs
[2026-03-24 17:41:07] === PROGRESS: 271/278 text, 268/278 summarized, 10 errors ===
[2026-03-24 17:51:19] Found 278 total PDFs
[2026-03-24 17:51:19] === PROGRESS: 271/278 text, 268/278 summarized, 10 errors ===
[2026-03-24 18:05:28] Found 278 total PDFs
[2026-03-24 18:05:28] === PROGRESS: 271/278 text, 268/278 summarized, 10 errors ===
[2026-03-24 18:11:39] Found 278 total PDFs
[2026-03-24 18:11:39] === PROGRESS: 271/278 text, 268/278 summarized, 10 errors ===
[2026-03-24 18:21:05] Found 278 total PDFs
[2026-03-24 18:21:05] === PROGRESS: 271/278 text, 268/278 summarized, 10 errors ===
[2026-03-24 18:33:42] Found 278 total PDFs
[2026-03-24 18:33:42] === PROGRESS: 271/278 text, 268/278 summarized, 10 errors ===
[2026-03-24 18:41:06] Found 278 total PDFs
[2026-03-24 18:41:06] === PROGRESS: 271/278 text, 268/278 summarized, 10 errors ===
[2026-03-24 18:51:25] Found 278 total PDFs
[2026-03-24 18:51:25] === PROGRESS: 271/278 text, 268/278 summarized, 10 errors ===
[2026-03-24 19:02:48] Found 278 total PDFs
[2026-03-24 19:02:48] === PROGRESS: 271/278 text, 268/278 summarized, 10 errors ===
[2026-03-24 19:11:10] Found 278 total PDFs
[2026-03-24 19:11:10] === PROGRESS: 271/278 text, 268/278 summarized, 10 errors ===
[2026-03-24 19:20:55] Found 278 total PDFs
[2026-03-24 19:20:55] === PROGRESS: 271/278 text, 268/278 summarized, 10 errors ===
[2026-03-24 19:34:13] Found 278 total PDFs
[2026-03-24 19:34:13] === PROGRESS: 271/278 text, 268/278 summarized, 10 errors ===
[2026-03-24 19:41:33] Found 278 total PDFs
[2026-03-24 19:41:33] === PROGRESS: 271/278 text, 268/278 summarized, 10 errors ===
[2026-03-24 19:51:21] Found 278 total PDFs
[2026-03-24 19:51:21] === PROGRESS: 271/278 text, 268/278 summarized, 10 errors ===
[2026-03-24 20:03:30] Found 278 total PDFs
[2026-03-24 20:03:30] === PROGRESS: 271/278 text, 268/278 summarized, 10 errors ===
[2026-03-24 20:21:21] Found 278 total PDFs
[2026-03-24 20:21:21] === PROGRESS: 271/278 text, 268/278 summarized, 10 errors ===
[2026-03-24 20:34:33] Found 278 total PDFs
[2026-03-24 20:34:33] === PROGRESS: 271/278 text, 268/278 summarized, 10 errors ===
[2026-03-24 20:41:44] Found 278 total PDFs
[2026-03-24 20:41:44] === PROGRESS: 271/278 text, 268/278 summarized, 10 errors ===
[2026-03-24 20:52:22] Found 278 total PDFs
[2026-03-24 20:52:22] === PROGRESS: 271/278 text, 268/278 summarized, 10 errors ===
[2026-03-24 21:05:16] Found 278 total PDFs
[2026-03-24 21:05:16] === PROGRESS: 271/278 text, 268/278 summarized, 10 errors ===
[2026-03-24 21:13:01] Found 278 total PDFs
[2026-03-24 21:13:01] === PROGRESS: 271/278 text, 268/278 summarized, 10 errors ===
[2026-03-24 21:21:56] Found 278 total PDFs
[2026-03-24 21:21:56] === PROGRESS: 271/278 text, 268/278 summarized, 10 errors ===
[2026-03-24 21:36:17] Found 278 total PDFs
[2026-03-24 21:36:17] === PROGRESS: 271/278 text, 268/278 summarized, 10 errors ===
[2026-03-24 21:42:37] Found 278 total PDFs
[2026-03-24 21:42:37] === PROGRESS: 271/278 text, 268/278 summarized, 10 errors ===
[2026-03-24 21:52:11] Found 278 total PDFs
[2026-03-24 21:52:11] === PROGRESS: 271/278 text, 268/278 summarized, 10 errors ===
[2026-03-24 22:05:14] Found 278 total PDFs
[2026-03-24 22:05:14] === PROGRESS: 271/278 text, 268/278 summarized, 10 errors ===
[2026-03-24 22:12:09] Found 278 total PDFs
[2026-03-24 22:12:09] === PROGRESS: 271/278 text, 268/278 summarized, 10 errors ===
[2026-03-24 22:21:44] Found 278 total PDFs
[2026-03-24 22:21:44] === PROGRESS: 271/278 text, 268/278 summarized, 10 errors ===
[2026-03-24 22:34:46] Found 278 total PDFs
[2026-03-24 22:34:46] === PROGRESS: 271/278 text, 268/278 summarized, 10 errors ===
[2026-03-24 22:42:53] Found 278 total PDFs
[2026-03-24 22:42:53] === PROGRESS: 271/278 text, 268/278 summarized, 10 errors ===
[2026-03-24 22:52:39] Found 278 total PDFs
[2026-03-24 22:52:39] === PROGRESS: 271/278 text, 268/278 summarized, 10 errors ===
[2026-03-24 23:08:20] Found 278 total PDFs
[2026-03-24 23:08:20] === PROGRESS: 271/278 text, 268/278 summarized, 10 errors ===
[2026-03-24 23:14:47] Found 278 total PDFs
[2026-03-24 23:14:47] === PROGRESS: 271/278 text, 268/278 summarized, 10 errors ===
[2026-03-24 23:22:32] Found 278 total PDFs
[2026-03-24 23:22:32] === PROGRESS: 271/278 text, 268/278 summarized, 10 errors ===
[2026-03-24 23:35:15] Found 278 total PDFs
[2026-03-24 23:35:15] === PROGRESS: 271/278 text, 268/278 summarized, 10 errors ===
[2026-03-24 23:42:50] Found 278 total PDFs
[2026-03-24 23:42:50] === PROGRESS: 271/278 text, 268/278 summarized, 10 errors ===
[2026-03-24 23:52:16] Found 278 total PDFs
[2026-03-24 23:52:16] === PROGRESS: 271/278 text, 268/278 summarized, 10 errors ===
[2026-03-25 00:06:21] Found 278 total PDFs
[2026-03-25 00:06:21] === PROGRESS: 271/278 text, 268/278 summarized, 10 errors ===
[2026-03-25 00:25:27] Found 278 total PDFs
[2026-03-25 00:25:27] === PROGRESS: 271/278 text, 268/278 summarized, 10 errors ===
[2026-03-25 00:38:27] Found 278 total PDFs
[2026-03-25 00:38:27] === PROGRESS: 271/278 text, 268/278 summarized, 10 errors ===
[2026-03-25 00:40:52] Found 278 total PDFs
[2026-03-25 00:40:52] === PROGRESS: 271/278 text, 268/278 summarized, 10 errors ===
[2026-03-25 00:51:00] Found 278 total PDFs
[2026-03-25 00:51:00] === PROGRESS: 271/278 text, 268/278 summarized, 10 errors ===
[2026-03-25 01:04:53] Found 278 total PDFs
[2026-03-25 01:04:53] === PROGRESS: 271/278 text, 268/278 summarized, 10 errors ===
[2026-03-25 01:11:05] Found 278 total PDFs
[2026-03-25 01:11:05] === PROGRESS: 271/278 text, 268/278 summarized, 10 errors ===
[2026-03-25 01:21:34] Found 278 total PDFs
[2026-03-25 01:21:34] === PROGRESS: 271/278 text, 268/278 summarized, 10 errors ===
[2026-03-25 01:34:14] Found 278 total PDFs
[2026-03-25 01:34:14] === PROGRESS: 271/278 text, 268/278 summarized, 10 errors ===
[2026-03-25 01:41:16] Found 278 total PDFs
[2026-03-25 01:41:16] === PROGRESS: 271/278 text, 268/278 summarized, 10 errors ===
[2026-03-25 01:52:55] Found 278 total PDFs
[2026-03-25 01:52:55] === PROGRESS: 271/278 text, 268/278 summarized, 10 errors ===
[2026-03-25 02:07:09] Found 278 total PDFs
[2026-03-25 02:07:09] === PROGRESS: 271/278 text, 268/278 summarized, 10 errors ===
[2026-03-25 02:12:10] Found 278 total PDFs
[2026-03-25 02:12:10] === PROGRESS: 271/278 text, 268/278 summarized, 10 errors ===
[2026-03-25 02:33:40] Found 278 total PDFs
[2026-03-25 02:33:40] === PROGRESS: 271/278 text, 268/278 summarized, 10 errors ===
[2026-03-25 02:44:25] Found 278 total PDFs
[2026-03-25 02:44:25] === PROGRESS: 271/278 text, 268/278 summarized, 10 errors ===
[2026-03-25 02:54:07] Found 278 total PDFs
[2026-03-25 02:54:07] === PROGRESS: 271/278 text, 268/278 summarized, 10 errors ===
[2026-03-25 03:13:14] Found 278 total PDFs
[2026-03-25 03:13:14] === PROGRESS: 271/278 text, 268/278 summarized, 10 errors ===
[2026-03-25 03:22:10] Found 278 total PDFs
[2026-03-25 03:22:10] === PROGRESS: 271/278 text, 268/278 summarized, 10 errors ===
[2026-03-25 03:35:08] Found 278 total PDFs
[2026-03-25 03:35:08] === PROGRESS: 271/278 text, 268/278 summarized, 10 errors ===
[2026-03-25 03:43:45] Found 278 total PDFs
[2026-03-25 03:43:45] === PROGRESS: 271/278 text, 268/278 summarized, 10 errors ===
[2026-03-25 03:52:43] Found 278 total PDFs
[2026-03-25 03:52:43] === PROGRESS: 271/278 text, 268/278 summarized, 10 errors ===
[2026-03-25 04:05:39] Found 278 total PDFs
[2026-03-25 04:05:39] === PROGRESS: 271/278 text, 268/278 summarized, 10 errors ===
[2026-03-25 04:25:27] Found 278 total PDFs
[2026-03-25 04:25:27] === PROGRESS: 271/278 text, 268/278 summarized, 10 errors ===
[2026-03-25 04:32:43] Found 278 total PDFs
[2026-03-25 04:32:43] === PROGRESS: 271/278 text, 268/278 summarized, 10 errors ===
[2026-03-25 04:46:48] Found 278 total PDFs
[2026-03-25 04:46:48] === PROGRESS: 271/278 text, 268/278 summarized, 10 errors ===
[2026-03-25 04:51:34] Found 278 total PDFs
[2026-03-25 04:51:34] === PROGRESS: 271/278 text, 268/278 summarized, 10 errors ===
[2026-03-25 05:12:15] Found 278 total PDFs
[2026-03-25 05:12:15] === PROGRESS: 271/278 text, 268/278 summarized, 10 errors ===
[2026-03-25 05:28:48] Found 278 total PDFs
[2026-03-25 05:28:48] === PROGRESS: 271/278 text, 268/278 summarized, 10 errors ===
[2026-03-25 05:41:00] Found 278 total PDFs
[2026-03-25 05:41:00] === PROGRESS: 271/278 text, 268/278 summarized, 10 errors ===
[2026-03-25 05:55:47] Found 278 total PDFs
[2026-03-25 05:55:47] === PROGRESS: 271/278 text, 268/278 summarized, 10 errors ===
[2026-03-25 06:04:48] Found 278 total PDFs
[2026-03-25 06:04:48] === PROGRESS: 271/278 text, 268/278 summarized, 10 errors ===
[2026-03-25 06:10:58] Found 278 total PDFs
[2026-03-25 06:10:58] === PROGRESS: 271/278 text, 268/278 summarized, 10 errors ===
[2026-03-25 06:21:52] Found 278 total PDFs
[2026-03-25 06:21:52] === PROGRESS: 271/278 text, 268/278 summarized, 10 errors ===
[2026-03-25 06:34:43] Found 278 total PDFs
[2026-03-25 06:34:43] === PROGRESS: 271/278 text, 268/278 summarized, 10 errors ===
[2026-03-25 06:41:11] Found 278 total PDFs
[2026-03-25 06:41:11] === PROGRESS: 271/278 text, 268/278 summarized, 10 errors ===
[2026-03-25 06:51:07] Found 278 total PDFs
[2026-03-25 06:51:08] === PROGRESS: 271/278 text, 268/278 summarized, 10 errors ===
[2026-03-25 07:03:33] Found 278 total PDFs
[2026-03-25 07:03:33] === PROGRESS: 271/278 text, 268/278 summarized, 10 errors ===
[2026-03-25 07:11:15] Found 278 total PDFs
[2026-03-25 07:11:15] === PROGRESS: 271/278 text, 268/278 summarized, 10 errors ===
[2026-03-25 07:21:31] Found 278 total PDFs
[2026-03-25 07:21:31] === PROGRESS: 271/278 text, 268/278 summarized, 10 errors ===
[2026-03-25 07:33:28] Found 278 total PDFs
[2026-03-25 07:33:28] === PROGRESS: 271/278 text, 268/278 summarized, 10 errors ===
[2026-03-25 07:41:15] Found 278 total PDFs
[2026-03-25 07:41:15] === PROGRESS: 271/278 text, 268/278 summarized, 10 errors ===
[2026-03-25 07:51:16] Found 278 total PDFs
[2026-03-25 07:51:16] === PROGRESS: 271/278 text, 268/278 summarized, 10 errors ===
[2026-03-25 08:22:24] Found 278 total PDFs
[2026-03-25 08:22:24] === PROGRESS: 271/278 text, 268/278 summarized, 10 errors ===
[2026-03-25 08:22:30] Found 278 total PDFs
[2026-03-25 08:22:30] === PROGRESS: 271/278 text, 268/278 summarized, 10 errors ===
[2026-03-25 08:33:36] Found 278 total PDFs
[2026-03-25 08:33:36] === PROGRESS: 271/278 text, 268/278 summarized, 10 errors ===
[2026-03-25 08:41:54] Found 278 total PDFs
[2026-03-25 08:41:54] === PROGRESS: 271/278 text, 268/278 summarized, 10 errors ===
[2026-03-25 08:51:54] Found 278 total PDFs
[2026-03-25 08:51:54] === PROGRESS: 271/278 text, 268/278 summarized, 10 errors ===
[2026-03-25 09:05:15] Found 278 total PDFs
[2026-03-25 09:05:15] === PROGRESS: 271/278 text, 268/278 summarized, 10 errors ===
[2026-03-25 09:11:26] Found 278 total PDFs
[2026-03-25 09:11:26] === PROGRESS: 271/278 text, 268/278 summarized, 10 errors ===
[2026-03-25 09:22:51] Found 278 total PDFs
[2026-03-25 09:22:51] === PROGRESS: 271/278 text, 268/278 summarized, 10 errors ===
[2026-03-25 09:36:54] Found 278 total PDFs
[2026-03-25 09:36:54] === PROGRESS: 271/278 text, 268/278 summarized, 10 errors ===
[2026-03-25 09:43:19] Found 278 total PDFs
[2026-03-25 09:43:19] === PROGRESS: 271/278 text, 268/278 summarized, 10 errors ===
[2026-03-25 09:51:38] Found 278 total PDFs
[2026-03-25 09:51:38] === PROGRESS: 271/278 text, 268/278 summarized, 10 errors ===
[2026-03-25 10:09:22] Found 278 total PDFs
[2026-03-25 10:09:22] === PROGRESS: 271/278 text, 268/278 summarized, 10 errors ===
[2026-03-25 10:21:44] Found 278 total PDFs
[2026-03-25 10:21:44] === PROGRESS: 271/278 text, 268/278 summarized, 10 errors ===
[2026-03-25 10:35:01] Found 278 total PDFs
[2026-03-25 10:35:01] === PROGRESS: 271/278 text, 268/278 summarized, 10 errors ===
[2026-03-25 10:43:47] Found 278 total PDFs
[2026-03-25 10:43:47] === PROGRESS: 271/278 text, 268/278 summarized, 10 errors ===
[2026-03-25 10:51:11] Found 278 total PDFs
[2026-03-25 10:51:11] === PROGRESS: 271/278 text, 268/278 summarized, 10 errors ===
[2026-03-25 11:05:59] Found 278 total PDFs
[2026-03-25 11:05:59] === PROGRESS: 271/278 text, 268/278 summarized, 10 errors ===
[2026-03-25 11:12:10] Found 278 total PDFs
[2026-03-25 11:12:10] === PROGRESS: 271/278 text, 268/278 summarized, 10 errors ===
[2026-03-25 11:21:25] Found 278 total PDFs
[2026-03-25 11:21:25] === PROGRESS: 271/278 text, 268/278 summarized, 10 errors ===
[2026-03-25 11:34:10] Found 278 total PDFs
[2026-03-25 11:34:10] === PROGRESS: 271/278 text, 268/278 summarized, 10 errors ===
[2026-03-25 11:42:12] Found 278 total PDFs
[2026-03-25 11:42:12] === PROGRESS: 271/278 text, 268/278 summarized, 10 errors ===
[2026-03-25 11:52:04] Found 278 total PDFs
[2026-03-25 11:52:04] === PROGRESS: 271/278 text, 268/278 summarized, 10 errors ===
[2026-03-25 12:04:51] Found 278 total PDFs
[2026-03-25 12:04:51] === PROGRESS: 271/278 text, 268/278 summarized, 10 errors ===
[2026-03-25 12:23:31] Found 278 total PDFs
[2026-03-25 12:23:31] === PROGRESS: 271/278 text, 268/278 summarized, 10 errors ===
[2026-03-25 12:36:49] Found 278 total PDFs
[2026-03-25 12:36:49] === PROGRESS: 271/278 text, 268/278 summarized, 10 errors ===
[2026-03-25 12:41:04] Found 278 total PDFs
[2026-03-25 12:41:04] === PROGRESS: 271/278 text, 268/278 summarized, 10 errors ===
[2026-03-25 12:51:13] Found 278 total PDFs
[2026-03-25 12:51:13] === PROGRESS: 271/278 text, 268/278 summarized, 10 errors ===
[2026-03-25 13:03:43] Found 278 total PDFs
[2026-03-25 13:03:43] === PROGRESS: 271/278 text, 268/278 summarized, 10 errors ===
[2026-03-25 13:10:56] Found 278 total PDFs
[2026-03-25 13:10:56] === PROGRESS: 271/278 text, 268/278 summarized, 10 errors ===
[2026-03-25 13:21:27] Found 278 total PDFs
[2026-03-25 13:21:27] === PROGRESS: 271/278 text, 268/278 summarized, 10 errors ===
[2026-03-25 13:33:51] Found 278 total PDFs
[2026-03-25 13:33:51] === PROGRESS: 271/278 text, 268/278 summarized, 10 errors ===
[2026-03-25 13:41:22] Found 278 total PDFs
[2026-03-25 13:41:22] === PROGRESS: 271/278 text, 268/278 summarized, 10 errors ===
[2026-03-25 13:51:09] Found 278 total PDFs
[2026-03-25 13:51:09] === PROGRESS: 271/278 text, 268/278 summarized, 10 errors ===
[2026-03-25 14:05:49] Found 278 total PDFs
[2026-03-25 14:05:49] === PROGRESS: 271/278 text, 268/278 summarized, 10 errors ===
[2026-03-25 14:11:31] Found 278 total PDFs
[2026-03-25 14:11:31] === PROGRESS: 271/278 text, 268/278 summarized, 10 errors ===
[2026-03-25 14:21:03] Found 278 total PDFs
[2026-03-25 14:21:03] === PROGRESS: 271/278 text, 268/278 summarized, 10 errors ===
[2026-03-25 14:35:07] Found 278 total PDFs
[2026-03-25 14:35:07] === PROGRESS: 271/278 text, 268/278 summarized, 10 errors ===
[2026-03-25 14:41:35] Found 278 total PDFs
[2026-03-25 14:41:35] === PROGRESS: 271/278 text, 268/278 summarized, 10 errors ===
[2026-03-25 14:50:45] Found 278 total PDFs
[2026-03-25 14:50:45] === PROGRESS: 271/278 text, 268/278 summarized, 10 errors ===
[2026-03-25 15:03:23] Found 278 total PDFs
[2026-03-25 15:03:23] === PROGRESS: 271/278 text, 268/278 summarized, 10 errors ===
[2026-03-25 15:11:49] Found 278 total PDFs
[2026-03-25 15:11:49] === PROGRESS: 271/278 text, 268/278 summarized, 10 errors ===
[2026-03-25 15:21:14] Found 278 total PDFs
[2026-03-25 15:21:14] === PROGRESS: 271/278 text, 268/278 summarized, 10 errors ===
[2026-03-25 15:33:57] Found 278 total PDFs
[2026-03-25 15:33:57] === PROGRESS: 271/278 text, 268/278 summarized, 10 errors ===
[2026-03-25 15:41:11] Found 278 total PDFs
[2026-03-25 15:41:11] === PROGRESS: 271/278 text, 268/278 summarized, 10 errors ===
[2026-03-25 15:51:00] Found 278 total PDFs
[2026-03-25 15:51:00] === PROGRESS: 271/278 text, 268/278 summarized, 10 errors ===
[2026-03-25 16:18:07] Found 278 total PDFs
[2026-03-25 16:18:07] === PROGRESS: 271/278 text, 268/278 summarized, 10 errors ===
[2026-03-25 16:23:02] Found 278 total PDFs
[2026-03-25 16:23:02] === PROGRESS: 271/278 text, 268/278 summarized, 10 errors ===
[2026-03-25 19:41:02] Found 278 total PDFs
[2026-03-25 19:41:02] === PROGRESS: 271/278 text, 268/278 summarized, 10 errors ===
[2026-03-25 19:51:19] Found 278 total PDFs
[2026-03-25 19:51:19] === PROGRESS: 271/278 text, 268/278 summarized, 10 errors ===
[2026-03-25 20:15:50] Found 278 total PDFs
[2026-03-25 20:15:50] === PROGRESS: 271/278 text, 268/278 summarized, 10 errors ===
[2026-03-25 20:22:53] Found 278 total PDFs
[2026-03-25 20:22:53] === PROGRESS: 271/278 text, 268/278 summarized, 10 errors ===
[2026-03-28 10:36:53] Found 278 total PDFs
[2026-03-28 10:36:53] === PROGRESS: 271/278 text, 268/278 summarized, 10 errors ===
[2026-03-28 10:50:46] Found 278 total PDFs
[2026-03-28 10:50:46] === PROGRESS: 271/278 text, 268/278 summarized, 10 errors ===
[2026-03-28 11:03:42] Found 278 total PDFs
[2026-03-28 11:03:42] === PROGRESS: 271/278 text, 268/278 summarized, 10 errors ===
[2026-03-28 11:10:40] Found 278 total PDFs
[2026-03-28 11:10:40] === PROGRESS: 271/278 text, 268/278 summarized, 10 errors ===
[2026-03-28 11:20:36] Found 278 total PDFs
[2026-03-28 11:20:36] === PROGRESS: 271/278 text, 268/278 summarized, 10 errors ===
